time,precipIntensity,temperature,apparentTemperature,dewPoint,windSpeed,cloudCover,uvIndex
1406865600,0,72.6,73.19,65.06,1.27,0.37,0
1406869200,0,71.6,72.21,65.03,0.77,0.18,0
1406872800,0,70.96,71.6,65.09,1.29,0.34,0
1406876400,0,70.46,71.15,65.33,1.43,0.42,0
1406880000,0,70.22,70.96,65.64,1.47,0.51,0
1406883600,0,70,70.74,65.61,1.25,0.38,0
1406887200,0,69.85,70.58,65.44,1.24,0.51,0
1406890800,0,70.1,70.83,65.55,0.88,0.49,0
1406894400,0,72.32,73.12,66.6,0.63,0.53,1
1406898000,0,74.72,75.6,67.74,1.09,0.53,2
1406901600,0,76.75,77.7,68.63,0.43,0.45,4
1406905200,0,79.9,82.73,68.97,0.31,0.32,6
1406908800,0,82.29,85.61,68.76,1.37,0.52,7
1406912400,0,82.6,85.56,67.86,2.31,0.71,6
1406916000,0,80.2,82.82,67.95,3.52,0.67,6
1406919600,0.0008,76.38,77.26,67.95,4.64,0.83,5
1406923200,0.0068,74.72,75.67,68.29,3.49,0.94,3
1406926800,0.0128,74.5,75.44,68.08,1.74,0.97,2
1406930400,0.002,74.63,75.59,68.32,1.3,0.87,1
1406934000,0,74.13,75.05,67.91,1.99,0.53,0
1406937600,0,73.48,74.36,67.47,1.45,0.6,0
1406941200,0,72.7,73.55,67.01,0.41,0.49,0
1406944800,0,72.08,72.9,66.7,0.31,0.89,0
1406948400,0,71.87,72.74,67.01,0.8,0.92,0
1406952000,0,71.61,72.48,66.9,0.45,0.81,0
1406955600,0,71.26,72.16,67.06,0.57,0.69,0
1406959200,0,70.79,71.67,66.83,0.18,0.43,0
1406962800,0,70.43,71.27,66.43,0.29,0.83,0
1406966400,0.0024,69.75,70.62,66.4,0.26,0.75,0
1406970000,0.0246,68.67,69.47,65.66,0.3,0.92,0
1406973600,0.064,66.98,67.59,63.82,0.4,0.96,0
1406977200,0.0867,65.54,66.02,62.47,1.08,1,0
1406980800,0.0724,65,65.5,62.41,2.07,0.96,1
1406984400,0.0468,65.55,66.08,62.85,2.94,0.95,2
1406988000,0.0088,66.42,66.96,63.18,3.62,1,3
1406991600,0.0014,68.02,68.5,63.21,3.67,1,4
1406995200,0,70.27,70.73,63.61,3.39,1,4
1406998800,0,72.13,72.56,63.76,3.87,1,4
1407002400,0,72.9,73.32,63.76,3.51,1,4
1407006000,0,72.9,73.33,63.81,3.23,1,4
1407009600,0,72.28,72.71,63.73,2.27,1,3
1407013200,0,71.89,72.34,63.76,2.92,1,2
1407016800,0,71.8,72.24,63.78,2.9,0.85,1
1407020400,0,70.82,71.26,63.52,2.19,0.83,0
1407024000,0,69.23,69.64,63,1.73,0.67,0
1407027600,0,67.92,68.31,62.51,1.26,0.49,0
1407031200,0,67.09,67.45,62.14,0.67,0.3,0
1407034800,0,66.49,66.86,62.01,0.39,0.23,0
1407038400,0,66.04,66.41,61.89,0.06,0.62,0
1407042000,0,66.12,66.51,62.08,0.09,0.68,0
1407045600,0,66.16,66.62,62.5,0.01,0.93,0
1407049200,0.0017,65.91,66.44,62.93,0.01,0.84,0
1407052800,0.0011,65.81,66.35,62.98,0.05,0.91,0
1407056400,0.0019,65.72,66.25,62.93,0.09,0.98,0
1407060000,0.0036,65.69,66.25,63.09,0.07,0.82,0
1407063600,0.0104,65.87,66.48,63.47,0.3,0.9,0
1407067200,0.0238,66.04,66.71,63.91,0.75,0.89,1
1407070800,0.0102,66.7,67.41,64.37,1,0.91,2
1407074400,0.0007,68.11,68.77,64.52,1.15,0.82,4
1407078000,0,70.05,70.62,64.35,1.32,0.83,5
1407081600,0,71.67,72.18,64.26,1.22,0.82,5
1407085200,0,72.84,73.31,64.17,1.05,0.88,5
1407088800,0,74.31,74.78,64.34,1.55,0.85,5
1407092400,0,75.02,75.46,64.14,1.01,0.92,4
1407096000,0,75.01,75.46,64.19,0.28,1,3
1407099600,0,74.69,75.16,64.38,0.52,1,2
1407103200,0,74.95,75.43,64.45,0.54,0.9,1
1407106800,0,74.24,74.74,64.57,0.43,0.65,0
1407110400,0,72.41,72.96,64.68,0.88,0.57,0
1407114000,0,70.66,71.29,64.96,1.1,0.7,0
1407117600,0,70.2,70.88,65.22,0.74,0.75,0
1407121200,0,69.61,70.3,65.12,1.03,0.74,0
1407124800,0,69.55,70.27,65.32,0.73,0.93,0
1407128400,0,69.75,70.5,65.55,0.71,1,0
1407132000,0,69.47,70.21,65.43,0.52,0.99,0
1407135600,0,69.42,70.17,65.5,0.62,1,0
1407139200,0,69.37,70.11,65.46,0.45,0.95,0
1407142800,0,69.21,70,65.7,0.52,1,0
1407146400,0,69.06,69.86,65.77,0.36,0.83,0
1407150000,0,69.49,70.34,66.18,0.38,0.63,0
1407153600,0,71.42,72.31,67.01,1.2,0.54,1
1407157200,0,74.02,74.85,67.17,1.33,0.57,2
1407160800,0,76.76,77.52,66.97,0.76,0.54,4
1407164400,0,78.57,79.25,66.47,0.71,0.56,5
1407168000,0,80.08,82.18,66.08,0.71,0.64,6
1407171600,0,81.17,83.28,65.93,1.57,0.68,6
1407175200,0,81.93,84.09,65.99,1.45,0.63,6
1407178800,0,82.07,84.44,66.55,2.67,0.61,5
1407182400,0,82.12,84.57,66.76,3.02,0.59,4
1407186000,0,81.42,84.17,67.72,3.32,0.34,3
1407189600,0,80.99,83.75,67.97,2.98,0.21,1
1407193200,0,80.26,82.79,67.62,2.49,0.35,0
1407196800,0,78.29,79.07,67.36,1.45,0.39,0
1407200400,0,76.15,76.98,67.51,0.55,0.31,0
1407204000,0,74.84,75.67,67.39,0.48,0.12,0
1407207600,0,73.81,74.58,66.7,0.69,0.18,0
1407211200,0,72.92,73.68,66.46,0.65,0.06,0
1407214800,0,71.97,72.73,66.21,0.3,0.1,0
1407218400,0,71.16,71.84,65.49,0.26,0.06,0
1407222000,0,70.2,70.85,64.99,0.11,0.23,0
1407225600,0,69.45,70.09,64.76,0.16,0.15,0
1407229200,0,68.38,69.01,64.38,0.08,0.24,0
1407232800,0,67.43,68.05,64.04,0.08,0.22,0
1407236400,0,68.47,69.15,64.75,0.11,0.2,0
1407240000,0,72.35,73.07,66.04,0.49,0.09,1
1407243600,0,76.5,77.2,66.51,0.49,0.09,3
1407247200,0,80.58,82.79,66.34,0.32,0.06,5
1407250800,0,83.26,85.11,65.16,0.26,0.21,6
1407254400,0,85.05,86.39,63.97,0.47,0.39,7
1407258000,0,86.15,87.02,62.92,0.21,0.23,8
1407261600,0,86.8,87.69,63,0.28,0.3,7
1407265200,0,86.99,87.79,62.8,0.78,0.37,6
1407268800,0,87.07,88.01,63.09,1.49,0.36,4
1407272400,0,85.86,87.2,63.99,2.28,0.45,3
1407276000,0,83.81,85.55,64.87,3.07,0.27,1
1407279600,0,81.24,83.17,65.35,3.44,0.29,0
1407283200,0,79.45,81.47,65.84,2.08,0.39,0
1407286800,0,78.02,78.74,66.79,1.32,0.3,0
1407290400,0,76.99,77.73,66.87,0.81,0.22,0
1407294000,0,76.12,76.81,66.32,0.99,0.57,0
1407297600,0,74.53,75.08,65.05,1.78,0.49,0
1407301200,0,72.96,73.47,64.42,1.38,0.47,0
1407304800,0,71.86,72.34,64.08,0.9,0.38,0
1407308400,0,71.01,71.52,64.09,0.62,0.51,0
1407312000,0,70.55,71.03,63.81,0.92,0.35,0
1407315600,0,69.91,70.38,63.62,0.81,0.43,0
1407319200,0,69.6,70.05,63.35,1.07,0.38,0
1407322800,0,69.68,70.12,63.32,1.38,0.35,0
1407326400,0,70.74,71.18,63.53,1.98,0.34,1
1407330000,0,72.05,72.44,63.36,2.43,0.22,3
1407333600,0,74.38,74.71,63.12,2.56,0.24,4
1407337200,0,77.08,77.35,62.59,2.39,0.23,6
1407340800,0,78.49,78.72,61.96,2.19,0.35,7
1407344400,0,78.88,79.1,61.84,2.26,0.65,6
1407348000,0,79.82,81.07,61.99,2.28,0.69,6
1407351600,0,80.94,81.84,61.29,2.77,0.51,6
1407355200,0,82.2,82.76,60.81,2.63,0.54,4
1407358800,0,82.76,83.04,60.12,2.58,0.33,3
1407362400,0,82.61,82.61,58.79,3.71,0.37,1
1407366000,0,80.31,80.93,59.11,3.58,0.41,0
1407369600,0,77.22,77.22,59.44,2.2,0.18,0
1407373200,0,74.53,74.53,59.72,0.78,0.25,0
1407376800,0,72.67,72.67,59.52,0.68,0.14,0
1407380400,0,71.64,71.64,59.35,1.08,0.13,0
1407384000,0,70.35,70.35,59.1,0.71,0.1,0
1407387600,0,69.36,69.36,58.54,0.61,0.08,0
1407391200,0,68.07,68.07,57.91,0.69,0.04,0
1407394800,0,66.94,66.94,57.52,0.98,0,0
1407398400,0,66.29,66.29,56.44,1.57,0,0
1407402000,0,65.34,65.34,55.74,1.07,0,0
1407405600,0,64.45,64.45,55.43,1.29,0,0
1407409200,0,64.64,64.64,55.65,1.45,0.07,0
1407412800,0,67.54,67.54,56.36,2.32,0.08,1
1407416400,0,71.06,71.06,56.7,2.15,0.05,3
1407420000,0,74.26,74.26,56.85,2.63,0,5
1407423600,0,76.69,76.69,56.87,3.63,0,7
1407427200,0,78.87,78.87,56.67,3.65,0.05,8
1407430800,0,80.12,80.12,56.3,4.37,0.28,8
1407434400,0,80.84,80.84,55.69,3.79,0.41,7
1407438000,0,81.64,81.64,54.3,4.43,0.45,6
1407441600,0,81.76,81.76,53.07,3.96,0.38,4
1407445200,0,81.61,81.61,51.76,5.13,0.36,3
1407448800,0,80.58,80.58,51.31,4.72,0.31,1
1407452400,0,78.39,78.39,51.35,5.62,0.69,0
1407456000,0,75.83,75.83,51.1,3.99,0.42,0
1407459600,0,73.71,73.71,51.03,2.52,0.14,0
1407463200,0,71.94,71.94,51.31,2.22,0.12,0
1407466800,0,70.26,70.26,52.16,1.44,0,0
1407470400,0,68.41,68.41,53.02,0.94,0,0
1407474000,0,66.84,66.84,53.12,1.12,0,0
1407477600,0,65.4,65.4,53.61,0.67,0,0
1407481200,0,64.8,64.8,53.5,0.85,0,0
1407484800,0,64.06,64.06,53.68,0.76,0,0
1407488400,0,63.17,63.17,53.77,0.71,0,0
1407492000,0,62.91,62.91,53.84,0.49,0.08,0
1407495600,0,63.39,63.39,54.71,1.16,0.19,0
1407499200,0,66.26,66.26,55.91,1.59,0.11,1
1407502800,0,69.67,69.67,56.53,2.15,0.05,3
1407506400,0,72.65,72.65,56.91,2.67,0.08,5
1407510000,0,76.03,76.03,55.93,2.71,0,7
1407513600,0,77.87,77.87,54.17,3.15,0.07,8
1407517200,0,79.29,79.29,53.22,2.65,0.13,9
1407520800,0,80.62,80.62,53.1,3.14,0.17,8
1407524400,0,81.03,81.03,53.57,2.9,0.2,6
1407528000,0,81.21,81.21,53.69,2.46,0.12,5
1407531600,0,80.98,80.98,54.11,1.54,0.28,3
1407535200,0,80.78,80.78,54.31,1.32,0.16,1
1407538800,0,79.16,79.16,55.5,1.18,0.09,0
1407542400,0,76.89,76.89,57.26,0.84,0.15,0
1407546000,0,74.53,74.53,58.16,0.49,0.24,0
1407549600,0,72.68,72.68,58.39,0.37,0.06,0
1407553200,0,70.92,70.92,58.31,0.35,0.05,0
1407556800,0,69.62,69.62,58.23,0.5,0.09,0
1407560400,0,68.53,68.53,57.82,0.37,0.09,0
1407564000,0,67.8,67.8,57.88,0.17,0.06,0
1407567600,0,66.55,66.55,57.86,0.43,0.06,0
1407571200,0,65.78,65.78,57.79,0.26,0.05,0
1407574800,0,65.06,65.06,57.37,0.3,0.12,0
1407578400,0,64.14,64.14,57.11,0.23,0.09,0
1407582000,0,64.93,64.93,57.39,0.39,0.08,0
1407585600,0,69.12,69.12,59.04,0.88,0.06,1
1407589200,0,72.99,72.99,59.3,1.02,0,3
1407592800,0,76.51,76.51,59.14,1.69,0,5
1407596400,0,79.41,79.41,58.33,1.92,0.05,7
1407600000,0,81.24,81.24,55.97,1.28,0.16,8
1407603600,0,82.22,82.22,54.75,1.21,0.31,8
1407607200,0,83.06,83.06,53.92,0.99,0.27,7
1407610800,0,83.93,83.93,53.32,0.95,0.36,6
1407614400,0,84.12,84.12,53.12,0.4,0.38,4
1407618000,0,83.36,83.36,53.55,0.37,0.23,3
1407621600,0,82.84,82.84,53.51,0.27,0.27,1
1407625200,0,81.83,81.83,55.32,0.23,0.25,0
1407628800,0,78.8,78.8,56.68,0.06,0.2,0
1407632400,0,75.86,75.86,58.68,0.14,0.16,0
1407636000,0,74.03,74.03,58.91,0.21,0.09,0
1407639600,0,72.62,72.62,59.18,0.33,0.1,0
1407643200,0,71.12,71.12,59.28,0.37,0.09,0
1407646800,0,69.56,69.56,58.92,0.19,0.1,0
1407650400,0,68.55,68.55,58.74,0.22,0.09,0
1407654000,0,67.54,67.54,58.95,0.05,0.16,0
1407657600,0,66.47,66.47,58.68,0.18,0.23,0
1407661200,0,65.7,65.7,58.38,0.21,0.14,0
1407664800,0,65.27,65.27,58.17,0.3,0.21,0
1407668400,0,66.26,66.26,59.02,0.23,0.25,0
1407672000,0,71.05,71.06,60.01,0.95,0.12,1
1407675600,0,74.89,74.91,60.18,1.46,0.09,3
1407679200,0,78.77,78.86,60.48,1.22,0.05,5
1407682800,0,82.06,82.38,59.74,1.54,0.12,7
1407686400,0,83.79,83.79,58.38,1.17,0.14,8
1407690000,0,84.61,84.61,57.16,0.98,0.3,8
1407693600,0,85.94,85.94,56.55,0.61,0.58,6
1407697200,0,85.87,85.87,56.35,0.86,0.42,6
1407700800,0,85.37,85.37,56.55,1.05,0.65,4
1407704400,0,84.68,84.68,56.36,1.36,0.74,2
1407708000,0,83.73,83.73,57.19,1.69,0.58,1
1407711600,0,81.56,81.7,58.36,1.61,0.25,0
1407715200,0,79.15,79.15,59.35,1.23,0.24,0
1407718800,0,77.07,77.08,59.8,1.09,0.22,0
1407722400,0,75.42,75.47,60.44,0.84,0.11,0
1407726000,0,74.15,74.28,61.25,0.55,0.04,0
1407729600,0,72.72,72.87,61.36,0.4,0.1,0
1407733200,0,71.66,71.84,61.55,0.32,0.34,0
1407736800,0,70.76,70.92,61.32,0.32,0.43,0
1407740400,0,69.64,69.84,61.4,0.26,0.57,0
1407744000,0,68.51,68.72,61.29,0.02,0.2,0
1407747600,0,67.07,67.27,60.9,0.04,0.13,0
1407751200,0,66.34,66.52,60.67,0,0.11,0
1407754800,0,67.26,67.46,61,0,0.12,0
1407758400,0,72,72.33,62.81,0.03,0.09,1
1407762000,0,76.16,76.4,62.35,0.13,0.05,3
1407765600,0,79.14,79.43,62.6,0.4,0.14,5
1407769200,0,82.23,82.88,61.19,1.32,0.15,6
1407772800,0,83.77,83.77,58.83,2.7,0.24,7
1407776400,0,84.54,84.54,57.28,3.1,0.32,8
1407780000,0,84.08,84.08,57.27,3.6,0.37,7
1407783600,0,82.89,82.89,57.8,4.04,0.39,6
1407787200,0,82.28,82.28,57.89,3.74,0.4,4
1407790800,0,81,81.16,57.6,4.28,0.25,3
1407794400,0,79.01,79.02,59.44,4.06,0.19,1
1407798000,0,77.08,77.19,60.95,3.65,0.17,0
1407801600,0,75.42,75.7,62.66,3.05,0.61,0
1407805200,0,74.15,74.65,64.58,2.32,0.25,0
1407808800,0,73.54,74.17,65.53,2.05,0.39,0
1407812400,0,72.99,73.68,65.93,1.76,0.31,0
1407816000,0,72.35,73.01,65.58,1.55,0.31,0
1407819600,0,72.16,72.82,65.48,1.28,0.33,0
1407823200,0,71.6,72.24,65.25,1.28,0.34,0
1407826800,0,71.23,71.84,64.91,1.22,0.45,0
1407830400,0,71.03,71.66,65.01,1.18,0.52,0
1407834000,0,71.19,71.81,65.02,1.6,0.36,0
1407837600,0,71.61,72.25,65.21,2.28,0.51,0
1407841200,0,72.19,72.84,65.46,3.16,0.61,0
1407844800,0,73.22,73.9,65.91,4.11,0.74,1
1407848400,0,74.22,74.91,66.12,4.46,0.66,2
1407852000,0,74.97,75.66,66.16,4.41,0.81,3
1407855600,0,76.17,76.87,66.4,4.51,0.94,4
1407859200,0,77.51,78.23,66.8,4.89,0.91,5
1407862800,0,77.95,78.77,67.68,4.91,0.94,5
1407866400,0,77.58,78.47,68.22,5.53,0.92,5
1407870000,0.0005,76.34,77.35,69.04,5.09,0.86,4
1407873600,0.0015,75.65,76.73,69.45,4.91,0.85,3
1407877200,0.0023,75.27,76.37,69.53,4.78,0.94,2
1407880800,0.0025,74.52,75.51,68.58,5.36,0.9,1
1407884400,0.0047,73.68,74.62,67.99,4.91,0.93,0
1407888000,0.0015,72.98,73.82,67.05,3.9,0.94,0
1407891600,0.001,72.95,73.79,67.07,4.07,1,0
1407895200,0.0041,73.04,73.89,67.15,4.53,0.99,0
1407898800,0.0201,72.07,72.99,67.46,4.98,1,0
1407902400,0.0327,71.38,72.31,67.34,5.71,0.99,0
1407906000,0.0642,70.93,71.9,67.42,5.6,1,0
1407909600,0.1778,69.43,70.37,66.78,4.82,1,0
1407913200,0.1847,68.9,69.83,66.54,5.11,1,0
1407916800,0.1387,68.58,69.46,66.17,4.03,1,0
1407920400,0.0759,68.96,69.83,66.22,4.21,1,0
1407924000,0.0244,69,69.89,66.29,3.19,1,0
1407927600,0.0172,69,69.93,66.61,2.25,1,0
1407931200,0.0302,69.34,70.35,67.31,2.12,1,1
1407934800,0.031,69.95,71.05,68.08,1.7,1,2
1407938400,0.0069,70.93,72.1,68.88,1.46,1,3
1407942000,0.002,72.02,73.17,69.08,2.83,1,4
1407945600,0,73.44,74.52,68.93,2.7,1,4
1407949200,0,75.13,76.14,68.79,3.2,0.99,4
1407952800,0,76.86,77.81,68.72,3.11,0.96,4
1407956400,0,79.91,82.67,68.71,3.81,0.76,5
1407960000,0,81.13,83.84,67.76,3.64,0.7,4
1407963600,0,81.83,84.18,66.52,3.19,0.65,2
1407967200,0.0015,79.69,81.62,65.41,4.18,0.74,1
1407970800,0.0061,76.44,76.98,65.1,3.79,0.68,0
1407974400,0.0002,74.91,75.44,64.81,2.84,0.33,0
1407978000,0,73.57,74.1,64.66,2.17,0.3,0
1407981600,0,72.58,73.05,64.11,1.52,0.31,0
1407985200,0,72.06,72.41,63.02,2.21,0.28,0
1407988800,0,71.29,71.39,60.84,3.29,0.12,0
1407992400,0,70,70,58.73,3.73,0,0
1407996000,0,68.5,68.5,57.08,3.54,0,0
1407999600,0,66.86,66.86,56,3.15,0,0
1408003200,0,65.35,65.35,55.17,2.71,0,0
1408006800,0,64.08,64.08,54.73,2.88,0,0
1408010400,0,63,63,54.32,1.88,0.06,0
1408014000,0,62.6,62.6,53.79,2.38,0.06,0
1408017600,0,64.01,64.01,53.29,4.09,0.06,1
1408021200,0,65.6,65.6,52.47,4.59,0.09,2
1408024800,0,67.77,67.77,52.59,4.12,0,5
1408028400,0,70.49,70.49,52.33,2.99,0.05,7
1408032000,0,72.8,72.8,52.08,3.66,0.11,8
1408035600,0,74.23,74.23,51.95,3.87,0.4,7
1408039200,0,75.42,75.42,51.49,3.81,0.57,6
1408042800,0,76.69,76.69,51.67,3.25,0.54,5
1408046400,0,76.98,76.98,51.93,3.99,0.45,4
1408050000,0,77.19,77.19,52.23,3.56,0.65,2
1408053600,0,77.07,77.07,52.48,3.55,0.27,1
1408057200,0,75.91,75.91,53.1,2.97,0.28,0
1408060800,0,74.12,74.12,54.15,1.57,0.36,0
1408064400,0,72.34,72.34,55.19,1.29,0.48,0
1408068000,0,70.89,70.89,56.32,1.85,0.22,0
1408071600,0,69.47,69.47,56.79,2.43,0.59,0
1408075200,0,67.64,67.64,56.76,2.03,0.31,0
1408078800,0,65.89,65.89,55.18,1.85,0.05,0
1408082400,0,64.11,64.11,53.37,1.5,0,0
1408086000,0,62.37,62.37,52.67,0.95,0,0
1408089600,0,61.07,61.07,52.14,0.92,0,0
1408093200,0,59.7,59.7,51.56,0.5,0,0
1408096800,0,58.7,58.7,50.99,0.9,0.06,0
1408100400,0,59.63,59.63,51.42,1.3,0.05,0
1408104000,0,62.55,62.55,51.44,2.04,0.1,1
1408107600,0,65.72,65.72,50,3.39,0.17,2
1408111200,0,68.25,68.25,49.29,4.55,0.11,4
1408114800,0,69.94,69.94,49.57,4.75,0.41,6
1408118400,0,70.68,70.68,50.35,5.11,0.62,6
1408122000,0,71.48,71.48,51.03,4.02,0.75,5
1408125600,0,71.72,71.72,51.53,3.59,0.78,5
1408129200,0,71.4,71.4,51.5,3.77,0.87,4
1408132800,0,70.93,70.93,51.47,3.37,1,3
1408136400,0,70.53,70.53,51.46,3.37,1,2
1408140000,0,70.12,70.12,51.56,3.01,1,1
1408143600,0,69.62,69.62,51.86,2.81,1,0
1408147200,0,68.88,68.88,52.02,1.59,0.81,0
1408150800,0,68.22,68.22,52.36,1.1,0.91,0
1408154400,0,67.83,67.83,52.79,1.09,1,0
1408158000,0,67.37,67.37,53.03,0.49,1,0
1408161600,0,66.68,66.68,53.15,0.53,0.8,0
1408165200,0,65.2,65.2,53.18,0.55,0.43,0
1408168800,0,63.41,63.41,53.04,0.62,0.39,0
1408172400,0,62.07,62.07,53.04,0.46,0.09,0
1408176000,0,61.23,61.23,52.87,0.49,0.05,0
1408179600,0,60.49,60.49,52.55,0.49,0.04,0
1408183200,0,59.82,59.82,52.74,0.72,0.22,0
1408186800,0,59.63,59.63,52.98,0.55,0.03,0
1408190400,0,63.3,63.3,54.5,1.13,0.24,1
1408194000,0,67.17,67.17,54.82,1.5,0.29,2
1408197600,0,69.97,69.97,54.36,1.74,0.27,4
1408201200,0,72.45,72.45,53.34,2.52,0.42,5
1408204800,0,74.87,74.87,51.55,3.36,0.23,7
1408208400,0,76.89,76.89,51.44,3.74,0.29,8
1408212000,0,77.28,77.28,52.49,3.75,0.31,7
1408215600,0,77.21,77.21,53.88,4.22,0.35,6
1408219200,0,76.93,76.93,54.84,3.72,0.4,4
1408222800,0,78.21,78.21,55.63,3.37,0.35,2
1408226400,0,77.77,77.77,55.3,2.78,0.21,1
1408230000,0,76.38,76.38,56.29,2.54,0.27,0
1408233600,0,74.03,74.03,56.92,1.41,0.41,0
1408237200,0,72.06,72.06,56.83,0.77,0.31,0
1408240800,0,70.92,70.92,57.31,0.75,0.42,0
1408244400,0,70.57,70.57,56.6,0.42,0.57,0
1408248000,0,69.87,69.87,56.88,0.43,0.58,0
1408251600,0,68.99,68.99,57.22,0.52,0.43,0
1408255200,0,68.72,68.72,57.15,0.95,0.61,0
1408258800,0,68.32,68.32,56.58,1.36,0.81,0
1408262400,0,67.37,67.37,56.49,1.12,0.49,0
1408266000,0,66.49,66.49,56.86,1.01,0.09,0
1408269600,0,65.26,65.26,57.04,1.13,0.14,0
1408273200,0,66.05,66.05,58.08,1.29,0.74,0
1408276800,0,67.39,67.39,59.08,2,0.81,1
1408280400,0.0018,67.43,67.47,59.84,1.73,0.86,2
1408284000,0.002,69.88,70.04,61.17,2.31,0.72,3
1408287600,0,73.98,74.27,62.78,3.73,0.53,5
1408291200,0,76.55,76.88,63.13,3.07,0.75,5
1408294800,0,77.9,78.26,63.37,3.44,0.81,5
1408298400,0,78.75,78.99,62.08,3.46,0.75,5
1408302000,0,80.55,81.33,60.33,4.31,0.72,5
1408305600,0,81.07,81.45,58.91,4.1,0.59,4
1408309200,0,80.87,81.05,57.48,4.22,0.56,2
1408312800,0,80.25,80.52,56.82,3.61,0.63,1
1408316400,0,78.6,78.6,56.33,3.31,0.37,0
1408320000,0,76.53,76.53,56.34,2.91,0.35,0
1408323600,0,74.29,74.29,56.1,2.28,0.17,0
1408327200,0,72.3,72.3,56.01,2.05,0.07,0
1408330800,0,70.76,70.76,56.1,2.43,0,0
1408334400,0,69.13,69.13,55.81,2.22,0,0
1408338000,0,67.8,67.8,55.21,1.61,0,0
1408341600,0,66.13,66.13,54.71,1.22,0,0
1408345200,0,64.79,64.79,54.68,1.26,0,0
1408348800,0,63.79,63.79,54.48,1.08,0,0
1408352400,0,62.63,62.63,54.5,1.12,0,0
1408356000,0,61.42,61.42,54.16,0.52,0.08,0
1408359600,0,61.01,61.01,54.56,0.74,0.05,0
1408363200,0,64.94,64.94,55.81,1.99,0.08,1
1408366800,0,67.84,67.84,56.39,2.56,0.07,2
1408370400,0,70.99,70.99,56.65,2.24,0.06,4
1408374000,0,73.75,73.75,57.01,2.53,0.15,6
1408377600,0,75.48,75.48,56.77,2.8,0.4,7
1408381200,0,76.82,76.82,56.46,3.2,0.34,7
1408384800,0,78.22,78.22,56.23,3.65,0.36,7
1408388400,0,79.23,79.23,55.59,3.94,0.44,5
1408392000,0,79.94,79.94,55.61,3.21,0.51,4
1408395600,0,80.37,80.37,54.72,3.18,0.3,2
1408399200,0,79.84,79.84,55.14,2.5,0.22,1
1408402800,0,78.8,78.8,55.23,1.74,0.1,0
1408406400,0,75.3,75.3,56.24,0.78,0.12,0
1408410000,0,72.67,72.67,57.72,0.36,0.19,0
1408413600,0,71.09,71.09,57.24,0.13,0.19,0
1408417200,0,69.43,69.43,57.36,0.38,0.13,0
1408420800,0,68.14,68.14,57.15,0.45,0.16,0
1408424400,0,66.81,66.81,57.15,0.42,0.26,0
1408428000,0,65.83,65.83,57.15,0.41,0.29,0
1408431600,0,65.14,65.14,57.09,0.69,0.61,0
1408435200,0,64.76,64.76,56.49,0.65,0.36,0
1408438800,0,64.14,64.14,56.22,1.09,0.14,0
1408442400,0,63.41,63.41,55.57,1.16,0.18,0
1408446000,0,63.62,63.62,55.67,1.33,0.11,0
1408449600,0,66.54,66.54,56.8,1.92,0.14,1
1408453200,0,69.59,69.59,58.17,2.48,0.15,2
1408456800,0,72.41,72.41,59.79,2.15,0.26,4
1408460400,0,74.49,74.63,61.33,1.7,0.26,6
1408464000,0,76.61,76.86,62.36,1.77,0.37,7
1408467600,0,78.5,78.74,62.04,1.52,0.43,7
1408471200,0,78.84,79.04,61.64,1.87,0.44,6
1408474800,0,79.71,79.95,61.84,2.13,0.56,5
1408478400,0,79.4,79.74,63.08,2.57,0.55,4
1408482000,0,78.61,78.96,63.24,2.82,0.61,2
1408485600,0,77.35,77.76,63.89,3.15,0.46,1
1408489200,0,75.85,76.31,64.31,2.59,0.17,0
1408492800,0,73.87,74.34,64.24,1.94,0.15,0
1408496400,0,72.52,72.98,63.98,1.33,0.16,0
1408500000,0,71.44,71.95,64.19,0.91,0.2,0
1408503600,0,70.56,71.1,64.26,0.79,0.34,0
1408507200,0,69.99,70.54,64.24,0.45,0.39,0
1408510800,0,69.08,69.63,63.97,0.26,0.51,0
1408514400,0,68.33,68.86,63.69,0.24,0.15,0
1408518000,0,67.46,67.98,63.37,0.05,0.29,0
1408521600,0,67.4,67.93,63.39,0.03,0.53,0
1408525200,0,67.48,68.02,63.52,0.04,0.78,0
1408528800,0,67.74,68.3,63.71,0.08,0.81,0
1408532400,0,68.5,69.12,64.32,0.06,0.81,0
1408536000,0,70.54,71.23,65.41,0.14,0.81,1
1408539600,0,73.06,73.7,65.55,0.42,0.75,2
1408543200,0,75.99,76.46,64.37,0.97,0.49,4
1408546800,0,78.41,78.79,63.59,0.88,0.36,6
1408550400,0,80.09,81.53,63.13,1.45,0.38,7
1408554000,0,80.87,82.18,63,1.74,0.57,6
1408557600,0,81.65,82.57,61.86,2.57,0.37,7
1408561200,0,81.31,82.16,61.36,3.19,0.33,6
1408564800,0,80.97,81.7,60.51,3.45,0.32,4
1408568400,0,80.26,81.13,60.4,2.93,0.26,2
1408572000,0,78.46,78.49,59.76,3.37,0.11,1
1408575600,0,76.09,76.09,59.27,3.24,0.06,0
1408579200,0,73.78,73.78,59.79,2.32,0.23,0
1408582800,0,72.57,72.64,60.72,1.71,0.13,0
1408586400,0,71.76,71.91,61.22,1.1,0.25,0
1408590000,0,71.28,71.49,61.72,0.86,0.21,0
1408593600,0,70.92,71.18,62.17,0.62,0.33,0
1408597200,0,70.48,70.76,62.24,0.41,0.7,0
1408600800,0,70.52,70.84,62.56,0.47,0.99,0
1408604400,0.0007,69.94,70.33,62.99,0.53,0.93,0
1408608000,0.0027,69.2,69.64,63.25,0.09,1,0
1408611600,0.0095,68.25,68.72,63.21,0.1,1,0
1408615200,0.0093,67.74,68.22,63.19,0.08,0.98,0
1408618800,0.0003,67.93,68.45,63.47,0.04,0.88,0
1408622400,0,69.98,70.57,64.49,0.08,0.75,1
1408626000,0,72.57,73.15,64.98,0.36,0.53,2
1408629600,0,74.78,75.27,64.5,0.79,0.83,3
1408633200,0,77.18,77.64,64.29,1.77,0.61,5
1408636800,0,78.48,78.89,63.82,2.25,0.75,5
1408640400,0,78.67,79.13,64.36,2.56,0.76,5
1408644000,0,78.94,79.42,64.51,3.45,0.64,6
1408647600,0,78.58,78.99,63.79,3.99,0.75,4
1408651200,0,78.26,78.53,62.44,4.28,0.6,3
1408654800,0,76.92,77.07,61.36,3.92,0.75,2
1408658400,0,76.16,76.25,60.81,4.41,0.42,1
1408662000,0,74.22,74.27,60.41,3.54,0.4,0
1408665600,0,73,73.12,61.13,2.62,0.69,0
1408669200,0,72.33,72.65,62.8,2.16,0.74,0
1408672800,0.001,71.79,72.3,64.25,2.35,0.85,0
1408676400,0.0139,70.63,71.27,64.97,1.73,0.94,0
1408680000,0.0495,69.01,69.74,65.28,0.39,0.99,0
1408683600,0.1034,67.59,68.28,64.55,0.77,1,0
1408687200,0.0511,66.97,67.61,64.04,0.59,0.92,0
1408690800,0.0234,66.65,67.29,63.91,0.62,0.92,0
1408694400,0.0083,66.65,67.29,63.93,0.45,0.64,0
1408698000,0.0005,66.68,67.33,64.01,0.31,0.82,0
1408701600,0,66.69,67.36,64.12,0.44,0.69,0
1408705200,0,67,67.69,64.38,0.47,0.77,0
1408708800,0,68.16,68.85,64.73,1.06,0.76,1
1408712400,0,69.21,69.8,64.3,1.45,0.82,2
1408716000,0,70.47,70.94,63.68,1.38,0.79,3
1408719600,0,71.08,71.42,62.8,2.14,0.92,4
1408723200,0,72.48,72.78,62.71,2.3,0.98,4
1408726800,0,73.93,74.28,63.19,2.25,0.88,5
1408730400,0,74.92,75.29,63.53,1.87,0.93,4
1408734000,0,74.86,75.25,63.66,1.49,1,4
1408737600,0,73.17,73.49,62.9,2.11,1,3
1408741200,0,72.07,72.37,62.6,1.93,1,2
1408744800,0,71.01,71.21,61.66,1.88,1,1
1408748400,0,70.79,70.96,61.37,1.37,1,0
1408752000,0,70.48,70.62,61.09,1.15,1,0
1408755600,0,70.14,70.29,61.15,0.91,1,0
1408759200,0,69.95,70.12,61.24,0.67,1,0
1408762800,0,69.69,69.87,61.31,0.99,1,0
1408766400,0,69.13,69.2,60.34,1.42,0.7,0
1408770000,0,68.22,68.22,59.54,1.37,0.65,0
1408773600,0,67.54,67.54,59.32,1.39,0.68,0
1408777200,0,66.89,66.94,59.7,1.49,0.65,0
1408780800,0,66.37,66.52,60.4,1.27,0.19,0
1408784400,0,66.13,66.34,60.78,1.13,0.44,0
1408788000,0,66.06,66.3,60.99,1.53,0.71,0
1408791600,0,66.14,66.42,61.29,1.44,0.74,0
1408795200,0,67.17,67.47,61.66,1.89,0.72,1
1408798800,0,68.82,69.06,61.62,3.11,0.83,2
1408802400,0,69.72,69.91,61.34,3.13,0.88,3
1408806000,0,70.21,70.36,61.07,3.09,1,4
1408809600,0,70.74,70.86,60.94,2.89,1,4
1408813200,0,71.35,71.47,61.01,3.2,1,4
1408816800,0,72.11,72.22,60.93,2.09,0.92,4
1408820400,0,72.45,72.49,60.42,2.13,0.82,4
1408824000,0,72.25,72.25,59.77,1.73,0.85,3
1408827600,0,71.89,71.92,60.22,1.58,0.75,2
1408831200,0,70.99,71.1,60.94,0.74,0.78,1
1408834800,0,70.21,70.33,60.86,0.29,0.94,0
1408838400,0,69.6,69.73,60.87,0.07,0.93,0
1408842000,0,69.11,69.3,61.25,0.02,1,0
1408845600,0,68.92,69.15,61.55,0.08,1,0
1408849200,0,68.77,69,61.47,0.06,0.93,0
1408852800,0,68.21,68.44,61.39,0.07,0.89,0
1408856400,0,66.99,67.17,60.77,0.06,0.46,0
1408860000,0,65.57,65.74,60.35,0.11,0.2,0
1408863600,0,64.64,64.76,59.72,0.35,0.1,0
1408867200,0,63.69,63.74,59,0.56,0.09,0
1408870800,0,62.97,62.97,58.26,0.66,0.04,0
1408874400,0,62.11,62.11,57.82,0.58,0.24,0
1408878000,0,62.95,62.95,58.4,0.79,0.37,0
1408881600,0,65.47,65.56,59.77,1.8,0.27,1
1408885200,0,68.64,68.7,60.19,2.35,0.25,2
1408888800,0,72.2,72.32,61.06,2.65,0.23,4
1408892400,0,75.46,75.48,60.07,2.7,0.07,6
1408896000,0,76.86,76.86,59.86,3.29,0.32,7
1408899600,0,77.82,77.82,59.35,3.1,0.47,6
1408903200,0,77.93,77.93,59.57,2.98,0.48,6
1408906800,0,77.57,77.62,60.14,2.72,0.66,5
1408910400,0,77.45,77.54,60.55,2.33,0.53,3
1408914000,0,76.79,76.87,60.65,2.07,0.51,2
1408917600,0,75.08,75.16,60.68,2.15,0.35,1
1408921200,0,73.38,73.45,60.71,1.89,0.23,0
1408924800,0,70.75,70.82,60.52,0.99,0.22,0
1408928400,0,69.27,69.34,60.34,0.63,0.09,0
1408932000,0,67.89,67.97,60.24,0.16,0,0
1408935600,0,66.64,66.71,59.85,0.09,0,0
1408939200,0,65.71,65.77,59.6,0.06,0,0
1408942800,0,64.78,64.85,59.43,0.05,0,0
1408946400,0,63.92,63.97,59.09,0.12,0,0
1408950000,0,63.01,63.04,58.69,0.11,0,0
1408953600,0,62.33,62.33,58.3,0.22,0,0
1408957200,0,61.92,61.93,58.22,0.16,0,0
1408960800,0,61.76,61.78,58.2,0.18,0,0
1408964400,0,62.31,62.33,58.4,0.2,0.04,0
1408968000,0,66.44,66.65,60.92,0.62,0,1
1408971600,0,70.87,71.17,62.43,0.9,0,2
1408975200,0,75.39,75.69,62.86,0.9,0,4
1408978800,0,79.35,79.52,61.12,1.63,0,6
1408982400,0,82.01,82.35,59.74,1.8,0,8
1408986000,0,83.66,83.66,59.47,1.22,0.08,8
1408989600,0,84.62,84.62,59.51,1.18,0.09,7
1408993200,0,85.67,85.67,59.52,0.87,0.17,6
1408996800,0,85.81,85.81,59.73,0.6,0.14,4
1409000400,0,85.47,85.47,59.48,0.36,0.15,2
1409004000,0,84.52,84.52,59.57,0.29,0.25,1
1409007600,0,83.05,83.29,60.18,0.21,0.27,0
1409011200,0,79.6,79.8,61.51,0.19,0.28,0
1409014800,0,76.99,77.22,62.08,0.12,0.22,0
1409018400,0,75.46,75.68,62.14,0.19,0.17,0
1409022000,0,73.79,74.06,62.5,0.15,0.24,0
1409025600,0,72.88,73.17,62.66,0.12,0.13,0
1409029200,0,71.66,72,62.89,0.03,0.13,0
1409032800,0,70.66,71,62.75,0.01,0.19,0
1409036400,0,69.36,69.72,62.63,0.05,0.14,0
1409040000,0,68.36,68.74,62.56,0.11,0.18,0
1409043600,0,67.87,68.26,62.55,0.14,0.18,0
1409047200,0,66.99,67.35,62.08,0.1,0.09,0
1409050800,0,67.5,67.94,62.82,0.05,0.23,0
1409054400,0,71.31,72,65.53,0.24,0.25,1
1409058000,0,74.56,75.36,67.03,0.17,0.08,2
1409061600,0,77.73,78.49,67.11,0.5,0.04,4
1409065200,0,80.79,83.17,66.88,0.68,0,6
1409068800,0,82.8,85.04,66.14,0.6,0.1,7
1409072400,0,84.19,86.06,65.2,1.45,0.24,7
1409076000,0,85.25,87.08,65.08,1.13,0.25,7
1409079600,0,85.12,86.64,64.41,2.12,0.3,5
1409083200,0,83.94,85.5,64.45,2.78,0.35,4
1409086800,0,83.07,84.77,64.75,3.82,0.28,2
1409090400,0,81.08,82.73,64.38,3.73,0.2,1
1409094000,0,78.38,78.84,64.35,2.77,0.23,0
1409097600,0,75.82,76.3,64.55,1.93,0.18,0
1409101200,0,74.21,74.72,64.64,2.3,0.13,0
1409104800,0,73.07,73.54,64.18,1.54,0.1,0
1409108400,0,72.19,72.61,63.6,1.58,0.08,0
1409112000,0,71.34,71.69,62.86,1.44,0.08,0
1409115600,0,70.57,70.84,62.12,1.31,0.04,0
1409119200,0,69.63,69.88,61.79,0.95,0.04,0
1409122800,0,68.74,68.98,61.53,0.6,0,0
1409126400,0,68.05,68.31,61.63,0.48,0,0
1409130000,0,67.41,67.69,61.61,0.31,0,0
1409133600,0,66.65,66.95,61.6,0.13,0.04,0
1409137200,0,66.54,66.93,62.14,0.23,0.05,0
1409140800,0,70.69,71.23,64.29,0.79,0.08,1
1409144400,0,74.79,75.42,65.66,1.45,0.04,2
1409148000,0,78.72,79.34,65.85,2.33,0,4
1409151600,0,81.85,83.96,65.86,2.13,0.17,6
1409155200,0,84.85,87.01,65.79,2.07,0.09,7
1409158800,0,87.18,89.13,65.2,2.7,0,8
1409162400,0,88.54,90.74,65.49,2.41,0.07,7
1409166000,0,89.12,91.65,65.97,2.34,0.12,6
1409169600,0,89.04,91.77,66.33,2.54,0.29,4
1409173200,0,88.01,90.83,66.63,3.28,0.26,2
1409176800,0,86.42,89.11,66.65,3.11,0.17,1
1409180400,0,84.14,86.83,66.95,2.73,0.05,0
1409184000,0,81.45,84.06,67.33,1.72,0.26,0
1409187600,0,79.61,82.02,67.57,1.08,0.49,0
1409191200,0,78.47,79.28,67.68,0.38,0.8,0
1409194800,0,77.59,78.39,67.46,0.51,0.53,0
1409198400,0,76.71,77.56,67.81,0.14,0.69,0
1409202000,0,75.83,76.75,68.25,1.03,0.6,0
1409205600,0,74.99,75.95,68.36,1.16,0.43,0
1409209200,0,74.56,75.38,67.26,2.48,0.44,0
1409212800,0,73.68,74.1,63.86,3.17,0.3,0
1409216400,0,72.03,72.03,59.15,3.79,0.33,0
1409220000,0,70,70,57.88,3.04,0.14,0
1409223600,0,68.45,68.45,57.31,3.21,0.07,0
1409227200,0,69.17,69.17,57.3,4.78,0.06,1
1409230800,0,70.56,70.56,57.4,4.93,0.07,2
1409234400,0,72.49,72.49,57.5,4.75,0.06,4
1409238000,0,74.76,74.76,57.53,4.47,0.06,6
1409241600,0,76.57,76.57,57.53,4.74,0.05,7
1409245200,0,78.25,78.25,56.87,4.86,0.15,8
1409248800,0,79.18,79.18,55.45,5,0.4,6
1409252400,0,79.41,79.41,54.13,5.24,0.34,5
1409256000,0,79.44,79.44,52.96,5.34,0.42,3
1409259600,0,78.94,78.94,52.32,5.12,0.31,2
1409263200,0,78.07,78.07,52.2,5.32,0.41,1
1409266800,0,76.56,76.56,52.03,5.03,0.18,0
1409270400,0,74.29,74.29,51.8,4.96,0.3,0
1409274000,0,71.98,71.98,51.51,5.37,0.08,0
1409277600,0,69.8,69.8,50.17,4.71,0.13,0
1409281200,0,68.04,68.04,49.72,3.03,0.08,0
1409284800,0,66.54,66.54,50.32,2.5,0.07,0
1409288400,0,65.42,65.42,50.75,1.77,0.04,0
1409292000,0,64.15,64.15,50.88,1.94,0.19,0
1409295600,0,63.54,63.54,50.95,1.73,0.05,0
1409299200,0,62.39,62.39,51.26,1.54,0,0
1409302800,0,61.73,61.73,51.1,1.49,0,0
1409306400,0,61.04,61.04,51.3,1.11,0.13,0
1409310000,0,60.79,60.79,51.67,1.09,0.14,0
1409313600,0,63.95,63.95,53.48,1.7,0.19,1
1409317200,0,66.83,66.83,53.49,2.26,0.24,2
1409320800,0,69.82,69.82,53.02,2.8,0.07,4
1409324400,0,72,72,51.73,2.23,0.19,6
1409328000,0,73.58,73.58,50.98,1.34,0.3,6
1409331600,0,74.97,74.97,51.07,1.07,0.29,7
1409335200,0,76.13,76.13,51.27,0.64,0.16,7
1409338800,0,77.1,77.1,51.91,1.15,0.12,6
1409342400,0,77.22,77.22,52.68,1.67,0.13,4
1409346000,0,75.98,75.98,53.31,2.51,0.22,2
1409349600,0,74.09,74.09,54.01,2.98,0.16,1
1409353200,0,71.88,71.88,54.67,2.9,0.18,0
1409356800,0,70.06,70.06,55.07,2.2,0.54,0
1409360400,0,68.9,68.9,55.22,1.53,0.23,0
1409364000,0,67.74,67.74,55.34,1.12,0.4,0
1409367600,0,66.53,66.53,55.2,0.56,0.23,0
1409371200,0,65.06,65.06,55.02,0.46,0.18,0
1409374800,0,64.02,64.02,54.99,0.56,0.19,0
1409378400,0,63.38,63.38,55.24,0.42,0.18,0
1409382000,0,62.24,62.24,55.12,0.24,0.41,0
1409385600,0,60.94,60.94,54.8,0.13,0.48,0
1409389200,0,60.54,60.54,54.76,0.03,0.64,0
1409392800,0,59.98,59.98,54.62,0.03,0.59,0
1409396400,0,60.58,60.58,54.96,0,0.34,0
1409400000,0,65.48,65.48,57.32,0.05,0.25,1
1409403600,0,70.67,70.67,58.42,0.89,0.22,2
1409407200,0,72.82,72.82,58.85,2.27,0.45,3
1409410800,0,74.95,74.95,58.52,2.43,0.48,5
1409414400,0,76.74,76.74,59.14,2.83,0.42,6
1409418000,0,76.9,76.95,60.39,3.34,0.77,5
1409421600,0,76.33,76.48,61.39,2.83,0.98,4
1409425200,0,76.38,76.65,62.55,3.4,0.94,4
1409428800,0,75.77,76.13,63.42,3.43,1,3
1409432400,0,75.16,75.61,64.15,3.46,1,2
1409436000,0,74.72,75.22,64.6,3.48,1,1
1409439600,0,74.24,74.8,65.09,3.32,1,0
1409443200,0,73.75,74.36,65.35,2.67,1,0
1409446800,0,73.51,74.15,65.6,2.86,1,0
1409450400,0,73.14,73.76,65.45,2.75,1,0
1409454000,0,72.68,73.27,65.09,2.34,0.72,0
1409457600,0,72.63,73.28,65.55,2.13,1,0
1409461200,0,72.44,73.12,65.73,1.74,1,0
1409464800,0,72.04,72.73,65.69,2.15,0.8,0
1409468400,0,71.88,72.56,65.61,1.65,0.91,0
1409472000,0,72.12,72.78,65.54,1.47,1,0
1409475600,0,72.33,73,65.59,1.46,1,0
1409479200,0,72.5,73.2,65.86,1.75,1,0
1409482800,0,72.75,73.52,66.45,2.05,1,0
1409486400,0,73.48,74.39,67.75,2.49,1,1
1409490000,0,74.51,75.59,69.21,3.47,1,2
1409493600,0,76.56,77.78,70.73,3.38,1,3
1409497200,0,79.69,83.28,71.99,3.81,0.84,4
1409500800,0,83.39,89.03,72.32,3.34,0.74,5
1409504400,0,85.47,92,72.51,3.87,0.75,5
1409508000,0,87.7,95.03,72.62,3.17,0.68,5
1409511600,0,89.07,96.39,72.21,3.57,0.75,4
1409515200,0,86.43,93.11,72.31,3.15,0.7,3
1409518800,0.0248,78.68,81.62,72.31,1.3,0.85,2
1409522400,0.0576,77.71,79.19,72.91,0.51,0.76,1
1409526000,0.0112,77.46,78.97,73.12,0.52,0.75,0
1409529600,0.0013,77.1,78.62,73.09,0.54,0.9,0
1409533200,0.0006,76.57,78.09,72.92,0.8,0.85,0
1409536800,0.0019,76.46,77.98,72.89,1.1,0.65,0
1409540400,0.0003,75.97,77.42,72.24,1.57,0.77,0
1409544000,0,75.57,76.99,71.93,1.49,0.98,0
1409547600,0,75.25,76.63,71.57,1.36,1,0
1409551200,0,74.62,75.99,71.36,1.54,1,0
1409554800,0,74.28,75.64,71.15,1.52,0.83,0
1409558400,0,74,75.37,71.14,1.31,0.92,0
1409562000,0,73.82,75.2,71.14,0.71,0.9,0
1409565600,0,73.69,75.07,71.13,0.52,0.81,0
1409569200,0,73.39,74.77,71.08,0.51,0.62,0
1409572800,0,74.3,75.76,71.86,0.71,0.6,1
1409576400,0,76.67,78.13,72.52,0.92,0.6,2
1409580000,0,79.61,83.37,72.73,0.78,0.46,3
1409583600,0,81.6,86.46,72.38,1.55,0.75,4
1409587200,0,83.99,89.71,72.12,2.13,0.76,5
1409590800,0,85.66,91.63,71.74,1.82,0.79,5
1409594400,0,86.31,92.26,71.48,2.52,0.8,5
1409598000,0,86.23,92.32,71.68,2.14,0.75,4
1409601600,0,86.49,92.68,71.71,2.38,0.61,3
1409605200,0,85.76,92.19,72.27,1.88,0.67,2
1409608800,0,84.49,90.68,72.5,2.23,0.6,1
1409612400,0,82.88,88.42,72.52,1.66,0.48,0
1409616000,0,81.09,85.72,72.47,1.38,0.38,0
1409619600,0,80.2,84.27,72.44,1.58,0.44,0
1409623200,0,79.39,82.92,72.5,1.37,0.44,0
1409626800,0,78.65,81.62,72.57,1.02,0.19,0
1409630400,0,78,79.42,72.54,0.89,0.1,0
1409634000,0,77.18,78.61,72.42,0.59,0.04,0
1409637600,0,76.56,78,72.31,0.45,0.01,0
1409641200,0,75.85,77.28,72.09,0.71,0,0
1409644800,0,75.31,76.74,71.93,0.65,0,0
1409648400,0,74.86,76.31,71.95,0.42,0,0
1409652000,0,74.62,76.06,71.79,0.42,0,0
1409655600,0,74.72,76.18,71.97,0.46,0.26,0
1409659200,0,76.97,78.52,73.22,0.95,0.39,1
1409662800,0,80.26,84.87,73.71,1.11,0.22,2
1409666400,0,83.12,89.48,73.55,1.94,0.56,3
1409670000,0,86.11,93.3,73.02,2.19,0.52,5
1409673600,0,88.53,95.84,72.36,1.94,0.39,6
1409677200,0,90.19,97.25,71.65,2.56,0.51,6
1409680800,0,90.53,97.22,71.18,3.1,0.64,5
1409684400,0,90.96,97.47,70.87,4,0.43,5
1409688000,0,90.78,96.72,70.28,4.21,0.55,3
1409691600,0,90.63,96.07,69.72,4.02,0.16,2
1409695200,0,89.44,94.25,69.23,3.84,0.21,1
1409698800,0,87.48,91.91,69.15,3.72,0.12,0
1409702400,0,85.16,89.79,70.06,2.91,0.14,0
1409706000,0,83.96,88.6,70.5,3.55,0.24,0
1409709600,0,83.68,88.22,70.48,4.99,0.31,0
1409713200,0,82.34,85.31,67.96,6.29,0.3,0
1409716800,0,80.34,82.85,67.51,5.84,0.39,0
1409720400,0,78.17,79,67.81,5.07,0.49,0
1409724000,0,76.87,77.63,67.07,4.23,0.2,0
1409727600,0,75.37,75.91,65.03,3.33,0.12,0
1409731200,0,74.05,74.47,63.89,2.9,0.11,0
1409734800,0,72.68,73.05,63.3,2.31,0.05,0
1409738400,0,71.65,71.99,62.83,1.81,0.05,0
1409742000,0,71.16,71.47,62.55,1.58,0.25,0
1409745600,0,72.5,72.83,62.85,2.43,0.21,1
1409749200,0,74.78,75.07,62.66,4.26,0.21,2
1409752800,0,76.24,76.4,61.44,3.32,0.25,4
1409756400,0,78.64,78.72,60.35,3.01,0.48,5
1409760000,0,80.17,80.79,58.85,3.04,0.42,6
1409763600,0,82.02,82.02,57.79,2.41,0.25,7
1409767200,0,83.35,83.35,56.69,2.17,0.38,6
1409770800,0,83.85,83.85,57.02,1.38,0.2,5
1409774400,0,83.96,83.96,57.25,1.69,0.29,3
1409778000,0,83.91,83.91,57.52,1.31,0.2,2
1409781600,0,83.08,83.08,58.1,0.83,0.24,0
1409785200,0,81.5,81.88,59.44,0.82,0.16,0
1409788800,0,78.76,78.83,60.17,0.6,0.14,0
1409792400,0,76.6,76.67,60.45,0.42,0.19,0
1409796000,0,74.62,74.7,60.72,0.28,0.1,0
1409799600,0,72.51,72.57,60.58,0.07,0.05,0
1409803200,0,70.81,70.85,60.29,0.1,0.07,0
1409806800,0,69.44,69.49,60.17,0.06,0.04,0
1409810400,0,68.58,68.66,60.29,0.05,0,0
1409814000,0,67.39,67.43,59.76,0.09,0,0
1409817600,0,66,66.03,59.42,0.09,0,0
1409821200,0,65.48,65.48,58.91,0.15,0,0
1409824800,0,64.73,64.73,58.84,0.07,0.08,0
1409828400,0,64.73,64.76,59.12,0.14,0.02,0
1409832000,0,69.27,69.43,61.02,0.35,0.09,1
1409835600,0,74.21,74.45,62.3,0.65,0.08,2
1409839200,0,78.23,78.47,62.1,0.58,0.05,4
1409842800,0,81.73,82.52,61.42,1.28,0.06,6
1409846400,0,83.74,83.97,60.54,1.92,0.04,7
1409850000,0,84.98,84.98,60.15,2.91,0.13,7
1409853600,0,85.72,85.72,59.75,3.04,0.33,6
1409857200,0,85.35,85.35,60.01,3.34,0.28,5
1409860800,0,84.48,84.8,61.11,3.69,0.24,3
1409864400,0,83.34,84.18,62.34,3.75,0.25,2
1409868000,0,81.84,83.2,63.53,4.01,0.27,0
1409871600,0,79.77,81.53,64.57,2.84,0.13,0
1409875200,0,77.94,78.47,65.01,2.05,0.28,0
1409878800,0,76.71,77.29,65.46,2.41,0.24,0
1409882400,0,75.72,76.27,65.12,2.49,0.12,0
1409886000,0,74.6,75.13,64.9,1.84,0.13,0
1409889600,0,73.51,74.05,64.86,1.21,0.12,0
1409893200,0,72.51,73.12,65.19,1.24,0.06,0
1409896800,0,71.55,72.22,65.44,0.75,0.08,0
1409900400,0,70.88,71.6,65.65,0.87,0.14,0
1409904000,0,70.71,71.51,66.24,0.87,0.29,0
1409907600,0,70.78,71.7,67.11,0.57,0.76,0
1409911200,0,70.59,71.54,67.2,0.44,0.71,0
1409914800,0,70.7,71.7,67.61,0.27,0.56,0
1409918400,0,72.11,73.2,68.7,0.94,0.65,1
1409922000,0,74.42,75.6,69.93,1.51,0.42,2
1409925600,0,76.84,78.09,70.95,1.99,0.49,3
1409929200,0,79.41,82.8,71.89,2.34,0.6,4
1409932800,0,81.15,85.55,71.94,2.67,0.6,5
1409936400,0,82.6,87.78,72.12,2.63,0.78,5
1409940000,0,83.75,89.53,72.33,2.71,0.76,5
1409943600,0,84.29,90.56,72.71,3.38,0.82,4
1409947200,0,84.19,90.69,73.06,3.31,0.52,3
1409950800,0,83.09,89.31,73.37,2.53,0.55,1
1409954400,0,81.38,86.51,73.15,3.02,0.45,0
1409958000,0,79.91,84.11,73.4,2.28,0.65,0
1409961600,0,78.47,79.96,73.17,1.45,0.45,0
1409965200,0,77.72,79.25,73.3,1.25,0.55,0
1409968800,0,77.28,78.85,73.46,1.5,0.29,0
1409972400,0,76.93,78.48,73.29,1.42,0.36,0
1409976000,0,76.64,78.19,73.16,1.54,0.24,0
1409979600,0,76.24,77.75,72.82,1.69,0.25,0
1409983200,0,75.86,77.36,72.6,1.62,0.47,0
1409986800,0,75.65,77.12,72.32,1.25,0.53,0
1409990400,0,75.24,76.71,72.19,1.35,0.29,0
1409994000,0,75,76.46,72.08,1.38,0.48,0
1409997600,0,74.79,76.26,72.03,1.57,0.53,0
1410001200,0,75.04,76.57,72.55,1.42,0.87,0
1410004800,0,76.07,77.63,73.08,2.23,1,1
1410008400,0,77.6,79.17,73.63,2.77,0.99,2
1410012000,0,79.24,82.96,73.67,3.35,0.94,3
1410015600,0,81.38,86.94,73.95,3.63,0.81,4
1410019200,0,84.25,91.77,74.3,3.78,0.5,5
1410022800,0,87.55,96.37,74.18,3.85,0.22,7
1410026400,0,89.72,98.83,73.77,3.62,0.42,6
1410030000,0,89.99,98,72.66,3.72,0.5,4
1410033600,0.0025,84.84,90.19,71.23,3.51,0.41,3
1410037200,0.0167,80.9,84.46,70.19,3.55,0.51,1
1410040800,0.0043,79.9,82.95,69.79,3.53,0.49,0
1410044400,0.0008,78.13,79.21,69.9,2.52,0.47,0
1410048000,0.0003,77.71,78.76,69.56,1.98,0.34,0
1410051600,0,77.42,78.36,68.69,2.16,0.41,0
1410055200,0,76.65,77.48,67.57,3.96,0.31,0
1410058800,0.0043,72.64,73.35,65.98,4.49,0.9,0
1410062400,0.0464,68.76,69.38,64.39,2.47,0.92,0
1410066000,0.0103,66.95,67.36,62.45,2.75,0.75,0
1410069600,0,65.81,66.07,61,2.28,0.9,0
1410073200,0,65.36,65.57,60.54,2.57,0.95,0
1410076800,0,65.17,65.36,60.42,1.64,0.81,0
1410080400,0,65.11,65.31,60.47,1.09,0.72,0
1410084000,0,64.96,65.14,60.24,0.96,0.51,0
1410087600,0,64.64,64.8,60.03,0.81,0.4,0
1410091200,0,66.17,66.32,60.36,2.22,0.16,1
1410094800,0,68.4,68.43,59.87,3.54,0.21,2
1410098400,0,70.76,70.76,59.33,4.11,0.26,3
1410102000,0,73.11,73.11,59.06,3.63,0.21,5
1410105600,0,74.99,74.99,58.8,3.37,0.28,6
1410109200,0,76.48,76.48,58.28,2.23,0.28,6
1410112800,0,77.65,77.65,57.69,2.18,0.58,5
1410116400,0,78.57,78.57,56.48,1.89,0.62,4
1410120000,0,78.75,78.75,55.55,1.85,0.56,3
1410123600,0,78.66,78.66,54.92,1.67,0.25,1
1410127200,0,77.74,77.74,54.79,1.67,0.33,0
1410130800,0,75.83,75.83,54.78,0.98,0.25,0
1410134400,0,72.95,72.95,55.74,0.36,0.38,0
1410138000,0,71.07,71.07,55.89,0.19,0.5,0
1410141600,0,69.46,69.46,55.07,0.22,0.21,0
1410145200,0,67.85,67.85,55.15,0.39,0.11,0
1410148800,0,67.25,67.25,54.39,0.44,0.25,0
1410152400,0,66.36,66.36,54.61,0.57,0.28,0
1410156000,0,65.67,65.67,54.52,1.02,0.25,0
1410159600,0,65.4,65.4,54.74,1.43,0.32,0
1410163200,0,64.88,64.88,54.86,1.32,0.32,0
1410166800,0,64.08,64.08,55.01,1.3,0.35,0
1410170400,0,63.85,63.85,55.46,1.31,0.44,0
1410174000,0,63.85,63.85,56.14,1.76,0.35,0
1410177600,0,66.02,66.02,58.31,3.49,0.24,1
1410181200,0,68.78,68.83,60.08,3.49,0.41,2
1410184800,0,70.85,70.99,61.14,3.47,0.41,3
1410188400,0,72.37,72.39,60.11,3.74,0.69,4
1410192000,0,73.19,73.19,58.89,3.9,0.55,5
1410195600,0,73.9,73.9,57.16,4,0.7,5
1410199200,0,74.29,74.29,56.97,4.24,0.68,5
1410202800,0,73.64,73.64,57.22,3.93,0.6,4
1410206400,0,72.87,72.87,57.35,3.85,0.64,3
1410210000,0,72.2,72.2,56.17,3.91,0.42,1
1410213600,0,71.37,71.37,55.41,3.68,0.28,0
1410217200,0,70.77,70.77,55.38,3.44,0.58,0
1410220800,0,69.69,69.69,55.99,2.85,0.65,0
1410224400,0,68.89,68.89,56.4,3.05,0.5,0
1410228000,0,68.08,68.08,56.02,2.89,0.39,0
1410231600,0,67.21,67.21,55.42,2.72,0.12,0
1410235200,0,66.52,66.52,54.91,2.79,0.35,0
1410238800,0,66.08,66.08,53.94,2.35,0.37,0
1410242400,0,65.57,65.57,53.7,2.38,0.45,0
1410246000,0,65.08,65.08,54.58,2.4,0.48,0
1410249600,0,64.57,64.57,55.2,2.32,0.25,0
1410253200,0,64.02,64.02,55.47,2.47,0.62,0
1410256800,0,63.53,63.53,55.72,2.53,0.63,0
1410260400,0,63.22,63.22,55.48,2.54,0.63,0
1410264000,0,64.17,64.17,56,3.83,0.45,1
1410267600,0,65.39,65.39,57.33,3.93,0.5,2
1410271200,0,67.08,67.08,59.03,3.98,0.82,3
1410274800,0,68.16,68.2,59.93,3.79,0.91,4
1410278400,0,69.4,69.5,60.58,4.26,1,4
1410282000,0,70.86,71,61.07,3.93,1,4
1410285600,0,71.88,72.01,61.13,3.82,0.87,4
1410289200,0,71.05,71.24,61.58,3.47,1,3
1410292800,0,70.28,70.53,61.93,3.45,1,2
1410296400,0,70.1,70.35,61.91,2.94,1,1
1410300000,0,70.22,70.42,61.56,2.76,1,0
1410303600,0,69.72,69.85,60.9,2.61,1,0
1410307200,0,69.26,69.31,60.13,2.21,0.94,0
1410310800,0,68.95,68.95,59.46,1.94,0.95,0
1410314400,0,68.5,68.5,59.46,2.3,0.93,0
1410318000,0,68.06,68.07,59.7,2.13,0.9,0
1410321600,0,67.7,67.72,59.72,2.74,0.91,0
1410325200,0,67.13,67.13,58.95,2.96,0.88,0
1410328800,0,66.21,66.21,58.41,2.41,0.9,0
1410332400,0,65.4,65.4,57.83,2.06,0.79,0
1410336000,0,64.46,64.46,57.48,2.12,0.75,0
1410339600,0,63.78,63.78,57.14,2.54,0.91,0
1410343200,0,63.22,63.22,57.01,2.14,0.94,0
1410346800,0,62.63,62.63,56.94,2.28,0.73,0
1410350400,0,63.33,63.33,57.42,2.08,0.58,1
1410354000,0,65.27,65.27,58.21,2.27,0.41,2
1410357600,0,67.96,67.96,59.1,1.82,0.41,3
1410361200,0,70.77,70.77,59.16,1.87,0.35,5
1410364800,0,73.23,73.23,59.12,1.52,0.21,6
1410368400,0,74.68,74.68,59.03,1.27,0.47,6
1410372000,0,75.14,75.14,59.04,1.6,0.65,5
1410375600,0,75.37,75.37,59.7,1.57,0.69,4
1410379200,0,74.64,74.69,60.49,1.75,0.91,2
1410382800,0,74.12,74.24,61.12,2.35,0.81,1
1410386400,0,72.78,72.95,61.58,2.81,0.65,0
1410390000,0,70.79,70.99,61.65,2.74,0.7,0
1410393600,0,69.36,69.64,62,2.47,0.57,0
1410397200,0,68.61,68.92,62.05,1.57,0.25,0
1410400800,0,68.14,68.5,62.36,1.65,0.55,0
1410404400,0,67.81,68.19,62.43,1.45,0.75,0
1410408000,0,67.38,67.78,62.45,1.19,0.77,0
1410411600,0,67.24,67.66,62.53,0.96,0.67,0
1410415200,0,66.92,67.35,62.52,0.89,0.51,0
1410418800,0,66.95,67.42,62.83,1,0.72,0
1410422400,0,67.14,67.62,62.99,1.47,0.77,0
1410426000,0,67.35,67.86,63.3,2.04,0.81,0
1410429600,0,67.8,68.35,63.66,1.92,0.9,0
1410433200,0,68.29,68.89,64.09,2.79,0.96,0
1410436800,0,69.22,69.84,64.56,3.24,0.9,0
1410440400,0,71.1,71.68,64.69,4.08,1,1
1410444000,0,72.88,73.53,65.54,4.31,1,3
1410447600,0,74.8,75.57,66.8,4.1,1,3
1410451200,0,77.36,78.21,67.89,4.4,1,4
1410454800,0,78.11,78.98,68.19,3.94,0.98,4
1410458400,0,78.52,79.47,68.85,4.02,0.98,4
1410462000,0,80.02,82.97,69.3,4.39,0.76,4
1410465600,0,81.69,85.17,69.44,3.7,0.72,2
1410469200,0,81.55,85.08,69.62,3.03,0.83,1
1410472800,0,81.61,85.19,69.69,3.2,0.75,0
1410476400,0,80.33,83.48,69.61,1.64,0.59,0
1410480000,0,78.4,79.39,69.22,1.21,0.2,0
1410483600,0,76.96,77.95,69,1.13,0.3,0
1410487200,0,76.49,77.35,67.86,2.15,0.26,0
1410490800,0,74.38,74.79,63.79,4.36,0.24,0
1410494400,0,71.49,71.49,59.08,4.4,0.08,0
1410498000,0,69.07,69.07,56.53,3.95,0,0
1410501600,0,67.09,67.09,55.78,4.01,0.06,0
1410505200,0,65.33,65.33,55.22,3.26,0.06,0
1410508800,0,63.85,63.85,54.41,2.8,0.11,0
1410512400,0,62.34,62.34,53.33,3.49,0.36,0
1410516000,0,61.37,61.37,52.83,2.8,0.36,0
1410519600,0,60.6,60.6,52.12,2.4,0.53,0
1410523200,0,61.51,61.51,52.13,3.39,0.57,0
1410526800,0,63.05,63.05,51.88,4.01,0.54,2
1410530400,0,65.01,65.01,51.99,3.95,0.54,3
1410534000,0,67.34,67.34,52.06,3.09,0.15,5
1410537600,0,69.8,69.8,52.6,2.45,0.05,6
1410541200,0,72.1,72.1,52.64,2.84,0.07,7
1410544800,0,73.99,73.99,52.81,1.93,0.11,6
1410548400,0,75.28,75.28,52.92,1.86,0.19,5
1410552000,0,75.86,75.86,52.98,2.02,0.01,3
1410555600,0,75.37,75.37,53.02,2.41,0.22,1
1410559200,0,73.98,73.98,53.18,2.87,0.18,0
1410562800,0,71.67,71.67,53.2,2.05,0.21,0
1410566400,0,68.91,68.91,52.98,2.08,0.2,0
1410570000,0,66.62,66.62,52.33,2.08,0.12,0
1410573600,0,65.09,65.09,51.29,2.36,0.06,0
1410577200,0,63.77,63.77,50.92,3.11,0.14,0
1410580800,0,62.5,62.5,50.85,2.42,0.11,0
1410584400,0,61.58,61.58,50.66,2.73,0.12,0
1410588000,0,60.8,60.8,50.62,3.06,0.23,0
1410591600,0,60.17,60.17,51.19,2.66,0.37,0
1410595200,0,60.11,60.11,51.86,2.58,0.78,0
1410598800,0,60.47,60.47,52.68,2.1,0.9,0
1410602400,0,60.82,60.82,53.29,2.84,0.87,0
1410606000,0,61.4,61.4,53.28,2.71,0.94,0
1410609600,0,61.93,61.93,53.39,3.16,1,0
1410613200,0,63.1,63.1,54.39,2.98,1,1
1410616800,0,64.5,64.5,55.73,3.33,1,2
1410620400,0,65.74,65.74,56.66,3.94,1,3
1410624000,0,66.55,66.55,56.98,3.77,0.95,4
1410627600,0,67.49,67.49,57.38,3.67,1,4
1410631200,0,67.47,67.47,57.21,3.52,1,4
1410634800,0.0041,66.05,66.05,58.5,1.58,1,3
1410638400,0.0532,64.06,64.29,60.38,0.77,1,2
1410642000,0.0511,64.03,64.35,60.94,0.94,1,1
1410645600,0.0095,63.79,64.13,61.02,0.85,1,0
1410649200,0.0051,63.39,63.72,60.81,0.82,1,0
1410652800,0.012,62.85,63.18,60.63,1.34,1,0
1410656400,0.012,62.43,62.74,60.33,1.46,1,0
1410660000,0.0034,62.26,62.52,59.94,1.59,1,0
1410663600,0.0002,61.28,61.28,57.58,2.21,0.6,0
1410667200,0,59.76,59.76,54.82,2.48,0.08,0
1410670800,0,58.39,58.39,52.73,2.15,0,0
1410674400,0,57.18,57.18,50.27,3.41,0,0
1410678000,0,55.98,55.98,49.02,2.14,0,0
1410681600,0,54.73,54.73,48.15,1.46,0.05,0
1410685200,0,53.73,53.73,47.8,1.9,0,0
1410688800,0,52.99,52.99,47.28,1.76,0.04,0
1410692400,0,52.4,52.4,47.07,1.72,0.18,0
1410696000,0,53.79,53.79,47.74,2.06,0.22,0
1410699600,0,56.02,56.02,48.19,3.21,0.05,2
1410703200,0,58.17,58.17,48.31,3.24,0.25,3
1410706800,0,60.59,60.59,48.28,2.95,0.31,5
1410710400,0,63.11,63.11,47.45,2.51,0.09,6
1410714000,0,65.67,65.67,46.99,1.87,0.2,6
1410717600,0,67.59,67.59,46.33,1.6,0.18,6
1410721200,0,68.56,68.56,45.95,1.34,0.25,4
1410724800,0,69.32,69.32,46.46,0.62,0.27,3
1410728400,0,69.2,69.2,46.4,0.24,0.31,1
1410732000,0,67.63,67.63,47.87,0.19,0.21,0
1410735600,0,65.77,65.77,48.65,0.36,0.21,0
1410739200,0,63.33,63.33,48.98,0.12,0.21,0
1410742800,0,61.52,61.52,48.97,0.17,0.13,0
1410746400,0,59.79,59.79,49.3,0.29,0.25,0
1410750000,0,58.55,58.55,49.67,0.15,0.07,0
1410753600,0,57.49,57.49,49.43,0.21,0.1,0
1410757200,0,56.25,56.25,48.93,0.43,0.11,0
1410760800,0,55.35,55.35,48.36,0.59,0.08,0
1410764400,0,54.59,54.59,47.77,0.79,0.06,0
1410768000,0,53.94,53.94,47.05,1.11,0.1,0
1410771600,0,53,53,46.49,1.02,0.08,0
1410775200,0,53.05,53.05,46.08,1.15,0.25,0
1410778800,0,53.18,53.18,46,1.38,0.35,0
1410782400,0,55.38,55.38,47.38,1.99,0.07,0
1410786000,0,59.11,59.11,47.98,2.14,0.05,2
1410789600,0,62.34,62.34,47.74,2.38,0.05,3
1410793200,0,64.61,64.61,46.08,2.11,0.13,5
1410796800,0,66.58,66.58,44.71,1,0.14,6
1410800400,0,67.95,67.95,44.52,0.42,0.18,6
1410804000,0,69.28,69.28,45.26,0.41,0.06,6
1410807600,0,70.57,70.57,45.48,1.13,0.06,5
1410811200,0,70.77,70.77,45.78,0.89,0.12,3
1410814800,0,70.48,70.48,46.2,1.68,0.13,1
1410818400,0,68.81,68.81,47.41,1.52,0.24,0
1410822000,0,66.07,66.07,48.8,1.9,0.32,0
1410825600,0,64.17,64.17,49.88,1.42,0.2,0
1410829200,0,63.02,63.02,50.63,1.21,0.32,0
1410832800,0,62.42,62.42,51.38,1.3,0.55,0
1410836400,0,61.21,61.21,51.88,0.69,0.38,0
1410840000,0,60.06,60.06,51.85,0.24,0.33,0
1410843600,0,59.69,59.69,52.38,0.56,0.27,0
1410847200,0,59.69,59.69,52.9,0.31,0.48,0
1410850800,0,61.97,61.97,52.97,1.28,0.62,0
1410854400,0,59.01,59.01,53.08,0.49,0.48,0
1410858000,0,58.49,58.49,52.87,0.02,0.8,0
1410861600,0,57.36,57.36,52.55,0.05,0.31,0
1410865200,0,57.97,57.97,53.55,0.03,0.78,0
1410868800,0.0128,59.14,59.14,55.2,0.2,1,0
1410872400,0.0687,58.7,58.7,55.93,0.65,1,1
1410876000,0.0792,59.14,59.14,56.51,7.27,1,2
1410879600,0.0446,59.34,59.34,56.92,1.18,1,3
1410883200,0.0144,61.14,61.2,58.32,0.7,0.83,4
1410886800,0.0019,64.49,64.54,59.24,0.55,0.83,4
1410890400,0,66.91,66.91,58.53,0.21,0.79,4
1410894000,0,68.1,68.1,57.54,0.26,0.88,3
1410897600,0,68.19,68.19,56.83,0.29,0.85,2
1410901200,0,67.52,67.52,56.79,0.16,0.9,1
1410904800,0,67.06,67.06,56.6,0.33,0.83,0
1410908400,0,65.88,65.88,55.53,0.25,0.6,0
1410912000,0,63.72,63.72,54.99,0.08,0.65,0
1410915600,0,62.56,62.56,54.41,0.25,0.69,0
1410919200,0,61.5,61.5,53.82,0.33,0.75,0
1410922800,0,60.44,60.44,53.12,0.49,0.62,0
1410926400,0,59.37,59.37,52.33,0.52,0.28,0
1410930000,0,58.09,58.09,51.91,0.68,0.14,0
1410933600,0,56.97,56.97,51.16,0.48,0.09,0
1410937200,0,56.02,56.02,50.64,0.47,0,0
1410940800,0,54.81,54.81,50.23,0.26,0,0
1410944400,0,53.55,53.55,49.67,0.1,0,0
1410948000,0,53.06,53.06,49.02,0.22,0.05,0
1410951600,0,52.69,52.69,48.55,0.16,0.1,0
1410955200,0,55.99,55.99,50.05,0.39,0.21,0
1410958800,0,60.79,60.79,50.05,1.04,0.06,2
1410962400,0,64.07,64.07,48.14,1.51,0.05,3
1410966000,0,66.58,66.58,46.06,1.34,0.17,5
1410969600,0,68.26,68.26,44.27,1.19,0.21,6
1410973200,0,69.63,69.63,44.45,1.28,0.16,6
1410976800,0,70.72,70.72,44.35,1.1,0.15,6
1410980400,0,71.38,71.38,44.48,0.57,0.13,4
1410984000,0,71.58,71.58,44.59,0.82,0.22,3
1410987600,0,71.39,71.39,45.03,0.84,0.22,1
1410991200,0,70.1,70.1,46.19,0.75,0.06,0
1410994800,0,67.58,67.58,47.52,0.32,0.06,0
1410998400,0,64.52,64.52,48.85,0.22,0.09,0
1411002000,0,61.97,61.97,49.59,0.34,0.09,0
1411005600,0,60.9,60.9,50.53,0.31,0.08,0
1411009200,0,59.74,59.74,51.04,0.49,0.08,0
1411012800,0,58.56,58.56,50.83,0.28,0,0
1411016400,0,57.53,57.53,50.78,0.24,0,0
1411020000,0,56.57,56.57,50.45,0.17,0,0
1411023600,0,56.02,56.02,50.29,0.26,0,0
1411027200,0,55.68,55.68,49.92,0.12,0,0
1411030800,0,54.84,54.84,49.45,0.1,0,0
1411034400,0,53.42,53.42,48.99,0.1,0,0
1411038000,0,53.51,53.51,48.97,0.1,0.21,0
1411041600,0,56.13,56.13,50.65,0.14,0.48,0
1411045200,0,61.41,61.41,51.84,0.49,0.29,1
1411048800,0,65.87,65.87,51.53,0.97,0.29,3
1411052400,0,69.57,69.57,50.02,0.81,0.17,5
1411056000,0,71.96,71.96,49.32,0.82,0.21,6
1411059600,0,73.14,73.14,49.01,0.87,0.39,5
1411063200,0,73.89,73.89,49.34,1.27,0.5,5
1411066800,0,74.46,74.46,48.6,1.19,0.66,3
1411070400,0,74.23,74.23,48.28,1.51,0.58,2
1411074000,0,74.44,74.44,47.12,1.77,0.47,1
1411077600,0,73.4,73.4,47.31,1.74,0.17,0
1411081200,0,70.52,70.52,48.34,0.8,0.28,0
1411084800,0,67.51,67.51,49.29,0.18,0.14,0
1411088400,0,65.21,65.21,50.24,0.13,0.18,0
1411092000,0,63.65,63.65,50.48,0.22,0.06,0
1411095600,0,62.8,62.8,50.79,0.93,0.08,0
1411099200,0,62.11,62.11,50.81,2.09,0.1,0
1411102800,0,61.39,61.39,50.84,2.28,0.04,0
1411106400,0,60.4,60.4,50.7,2.72,0.07,0
1411110000,0,59.2,59.2,50.56,2.31,0,0
1411113600,0,58.24,58.24,50.21,2.64,0,0
1411117200,0,57.04,57.04,49.67,2.97,0.12,0
1411120800,0,55.95,55.95,48.46,3.25,0.56,0
1411124400,0,54.7,54.7,46.38,3.52,0.69,0
1411128000,0,54.97,54.97,44.8,3.64,0.56,0
1411131600,0,56.5,56.5,43.61,4.93,0.31,1
1411135200,0,58.38,58.38,43.23,4.58,0.33,3
1411138800,0,60.02,60.02,43.9,4.8,0.52,4
1411142400,0,61.71,61.71,44.64,3.73,0.41,5
1411146000,0,62.88,62.88,45.27,3.25,0.39,5
1411149600,0,63.81,63.81,46.2,2.81,0.45,5
1411153200,0,64.45,64.45,46.48,2.88,0.29,4
1411156800,0,64.36,64.36,47.41,2.87,0.27,2
1411160400,0,63.85,63.85,47.92,2.74,0.24,1
1411164000,0,62.67,62.67,48.39,2.42,0.23,0
1411167600,0,61.01,61.01,48.54,2.04,0.48,0
1411171200,0,60.24,60.24,48.75,2.05,0.67,0
1411174800,0,59.96,59.96,48.93,1.83,0.57,0
1411178400,0,60.02,60.02,49.16,2.02,0.84,0
1411182000,0,60.04,60.04,49.33,1.57,0.77,0
1411185600,0,59.42,59.42,49.45,1.39,0.51,0
1411189200,0,58.78,58.78,49.73,0.98,0.25,0
1411192800,0,58.48,58.48,50.14,1.09,0.3,0
1411196400,0,58.2,58.2,50.48,0.57,0.61,0
1411200000,0,57.81,57.81,50.81,0.14,0.71,0
1411203600,0,57.47,57.47,51.38,0.17,0.55,0
1411207200,0,57.04,57.04,51.29,0.13,0.51,0
1411210800,0,57.08,57.08,51.42,0.17,0.75,0
1411214400,0,59.54,59.54,53.3,0.22,0.85,0
1411218000,0,64.52,64.52,55.69,1.32,0.83,1
1411221600,0,68.15,68.15,57.62,3.14,0.62,3
1411225200,0,70.37,70.37,58.21,3.79,0.63,4
1411228800,0,71.98,71.98,58.51,4.29,0.69,4
1411232400,0,72.84,72.84,58.99,4.27,0.75,4
1411236000,0,73.34,73.34,59.6,5.3,0.75,4
1411239600,0,73.15,73.15,59.93,5.58,0.75,3
1411243200,0,72.89,72.95,60.55,4.87,0.77,2
1411246800,0,72.7,72.78,60.74,4.83,0.68,1
1411250400,0,72.04,72.04,59.45,4.03,0.59,0
1411254000,0,70.28,70.3,60.06,2.84,0.37,0
1411257600,0,68.89,69.08,61.25,1.63,0.46,0
1411261200,0,68.09,68.44,62.23,1.73,0.36,0
1411264800,0,67.75,68.18,62.77,1.04,0.48,0
1411268400,0,67.62,68.09,63.04,0.56,0.88,0
1411272000,0,67.84,68.32,63.19,0.22,1,0
1411275600,0.0009,67.86,68.4,63.65,0.09,1,0
1411279200,0.0116,67.2,67.85,64.17,0.16,1,0
1411282800,0.022,66.63,67.32,64.23,0.36,1,0
1411286400,0.0098,66.45,67.15,64.27,0.21,1,0
1411290000,0.0023,66.32,67.02,64.25,0.15,1,0
1411293600,0.0002,66.25,66.98,64.4,0.21,1,0
1411297200,0,66.6,67.36,64.67,0.07,0.99,0
1411300800,0,67.35,68.17,65.34,0.14,0.99,0
1411304400,0,68.41,69.34,66.4,0.09,1,1
1411308000,0,69.53,70.49,67.01,0.23,0.91,2
1411311600,0,70.88,71.85,67.43,0.22,0.98,3
1411315200,0,71.69,72.64,67.57,0.34,1,4
1411318800,0,72.15,73.1,67.68,0.09,0.99,4
1411322400,0,72.94,73.89,67.89,0.3,0.98,3
1411326000,0,74.42,75.35,68.08,0.2,0.87,3
1411329600,0,75.03,75.93,67.98,0.45,0.76,2
1411333200,0,74.81,75.71,67.87,0.51,0.48,1
1411336800,0,74.23,75.14,67.84,0.43,0.53,0
1411340400,0,72.53,73.42,67.3,0.34,0.48,0
1411344000,0,70.58,71.44,66.61,0.29,0.23,0
1411347600,0,69.53,70.36,66.11,0.57,0.12,0
1411351200,0,69.35,70.23,66.35,1.21,0.3,0
1411354800,0,69.6,70.5,66.59,1.78,0.3,0
1411358400,0,69.78,70.63,66.31,2.46,0.67,0
1411362000,0.0012,69.5,70.25,65.55,2.44,1,0
1411365600,0.0028,68.25,68.66,62.73,2.08,0.98,0
1411369200,0,66.82,66.89,59.93,1.77,0.52,0
1411372800,0,65.58,65.58,59.01,2.15,0.35,0
1411376400,0,64.86,64.86,57.54,2.49,0.05,0
1411380000,0,64.07,64.07,55.46,3.37,0,0
1411383600,0,63.27,63.27,54.44,3.34,0.11,0
1411387200,0,63.86,63.86,53.99,4.75,0.06,0
1411390800,0,65.42,65.42,53.77,5.32,0.07,1
1411394400,0,66.86,66.86,53.41,5.49,0.42,3
1411398000,0,67.58,67.58,52.32,6.14,0.61,4
1411401600,0,67.85,67.85,51.56,6.17,0.8,4
1411405200,0,68.81,68.81,50.74,5.63,0.83,4
1411408800,0,69.22,69.22,50.31,5.61,0.77,4
1411412400,0,68.83,68.83,49.2,5.58,0.61,3
1411416000,0,68.59,68.59,47.7,5.07,0.41,2
1411419600,0,67.15,67.15,46.48,5.46,0.1,1
1411423200,0,65.07,65.07,44.83,5.29,0.11,0
1411426800,0,62.58,62.58,43.77,4.8,0.12,0
1411430400,0,60.44,60.44,43.18,3.99,0.31,0
1411434000,0,59.05,59.05,42.53,4.56,0.2,0
1411437600,0,57.63,57.63,41.65,4.2,0.12,0
1411441200,0,56.37,56.37,41.12,3.24,0.12,0
1411444800,0,55.23,55.23,41.02,3.13,0.04,0
1411448400,0,53.79,53.79,40.69,1.7,0.08,0
1411452000,0,52.63,52.63,40.87,1.36,0,0
1411455600,0,51.79,51.79,41,1.04,0,0
1411459200,0,50.97,50.97,40.91,0.75,0.06,0
1411462800,0,50.2,50.2,41.23,1.35,0.08,0
1411466400,0,49.54,49.54,41.16,0.46,0.08,0
1411470000,0,48.92,48.92,41.29,0.28,0.08,0
1411473600,0,51.66,51.66,43.11,0.66,0.07,0
1411477200,0,55.6,55.6,43.93,0.7,0.04,1
1411480800,0,58.44,58.44,44.13,0.6,0.05,3
1411484400,0,60.94,60.94,44.11,0.33,0.05,5
1411488000,0,63.53,63.53,44.51,0.36,0.06,6
1411491600,0,66.42,66.42,44.48,1.14,0.04,6
1411495200,0,68.66,68.66,44.88,1.61,0.05,5
1411498800,0,70.1,70.1,45.09,1.16,0.06,4
1411502400,0,70.86,70.86,45.61,0.88,0.11,2
1411506000,0,71.14,71.14,46.57,0.84,0.11,1
1411509600,0,69.44,69.44,48.21,1.16,0.11,0
1411513200,0,66.13,66.13,50.34,1.28,0.16,0
1411516800,0,63.87,63.87,51.25,1.35,0.08,0
1411520400,0,62.25,62.25,51.96,0.98,0.05,0
1411524000,0,60.55,60.55,51.75,0.7,0.08,0
1411527600,0,59.09,59.09,51.28,0.32,0,0
1411531200,0,57.9,57.9,51.03,0.06,0,0
1411534800,0,56.65,56.65,50.61,0.01,0.06,0
1411538400,0,55.76,55.76,50.67,0.12,0.08,0
1411542000,0,55.35,55.35,50.4,0.08,0.17,0
1411545600,0,55.22,55.22,50.58,0.44,0.27,0
1411549200,0,55.1,55.1,50.68,0.55,0.14,0
1411552800,0,54.82,54.82,50.75,0.76,0.14,0
1411556400,0,55.4,55.4,51.32,0.77,0.19,0
1411560000,0,58.17,58.17,52.68,1.33,0.33,0
1411563600,0,61.54,61.54,54.81,2.66,0.27,1
1411567200,0,64.89,64.89,55.28,3.76,0.25,3
1411570800,0,66.95,66.95,55.49,3.89,0.28,4
1411574400,0,68.65,68.65,55.78,4.1,0.4,5
1411578000,0,69.79,69.79,55.18,4.06,0.45,5
1411581600,0,70.18,70.18,54.78,3.84,0.62,4
1411585200,0,69.71,69.71,54.35,3.92,0.49,3
1411588800,0,69,69,54.37,4.17,0.71,2
1411592400,0,68.33,68.33,54.21,4.23,0.82,1
1411596000,0,67.3,67.3,53.92,3.45,0.79,0
1411599600,0,66.18,66.18,54.05,2.94,0.64,0
1411603200,0,65.33,65.33,54.15,2.23,0.6,0
1411606800,0,64.81,64.81,54.48,2.93,0.5,0
1411610400,0,64.39,64.39,54.59,3.05,0.49,0
1411614000,0,63.99,63.99,54.15,2.84,0.31,0
1411617600,0,63.78,63.78,53.87,3.28,0.36,0
1411621200,0,63.59,63.59,53.45,3.2,0.33,0
1411624800,0,63.22,63.22,52.78,2.72,0.52,0
1411628400,0,62.79,62.79,52.86,3.57,0.99,0
1411632000,0,62.39,62.39,53.6,3.68,1,0
1411635600,0,61.91,61.91,54.51,4.16,1,0
1411639200,0.0005,61.61,61.61,55.24,4.03,1,0
1411642800,0.002,61.32,61.32,55.67,4.71,1,0
1411646400,0.0261,60.4,60.4,55.67,3.91,1,0
1411650000,0.056,59.22,59.22,54.9,4.11,1,1
1411653600,0.0387,58.76,58.76,54.32,4.22,1,2
1411657200,0.0423,58.63,58.63,54.87,3.91,1,3
1411660800,0.0411,59.46,59.46,56.14,3.76,1,3
1411664400,0.0183,60.18,60.18,56.59,4.7,1,4
1411668000,0.0132,60.85,60.85,56.96,5.14,1,3
1411671600,0.0065,61.22,61.22,57.18,5.17,1,3
1411675200,0.0014,61.99,61.99,57.67,5.05,1,2
1411678800,0.0009,62.51,62.51,57.73,4.61,0.98,1
1411682400,0.0005,62.51,62.51,57.46,4.53,0.86,0
1411686000,0,62.27,62.27,56.85,3.46,0.87,0
1411689600,0,61.92,61.92,56.2,3.21,0.72,0
1411693200,0,61.46,61.46,55.71,3.13,0.67,0
1411696800,0,60.86,60.86,55.33,2.8,0.55,0
1411700400,0,60.32,60.32,54.79,2.6,0.34,0
1411704000,0,59.92,59.92,54.57,2.05,0.43,0
1411707600,0,59.69,59.69,54.41,2.32,0.41,0
1411711200,0,59.06,59.06,53.97,2.14,0.43,0
1411714800,0,58.76,58.76,53.27,1.67,0.26,0
1411718400,0,58.2,58.2,52.63,2.13,0.05,0
1411722000,0,57.78,57.78,52.03,2.09,0.07,0
1411725600,0,57.64,57.64,51.83,2.3,0.15,0
1411729200,0,57.71,57.71,51.63,1.91,0.08,0
1411732800,0,59.17,59.17,52.66,3.02,0.12,0
1411736400,0,62.53,62.53,54.12,4.36,0.08,1
1411740000,0,65.69,65.69,54.82,4.42,0.05,3
1411743600,0,68.54,68.54,54.4,4.25,0,4
1411747200,0,70.83,70.83,53.31,3.74,0.04,5
1411750800,0,72.98,72.98,52.43,2.64,0.06,6
1411754400,0,74.53,74.53,52.76,2.24,0.05,5
1411758000,0,75.7,75.7,52.91,2.15,0.04,4
1411761600,0,76.13,76.13,52.83,1.76,0.05,2
1411765200,0,76.21,76.21,52.1,1.4,0,1
1411768800,0,75.28,75.28,52.56,0.72,0,0
1411772400,0,71.5,71.5,53.24,0.41,0.08,0
1411776000,0,67.7,67.7,53.94,0.15,0,0
1411779600,0,65.35,65.35,54.13,0.18,0,0
1411783200,0,63.99,63.99,54.16,0.12,0,0
1411786800,0,62.29,62.29,54.07,0.11,0,0
1411790400,0,61.34,61.34,53.88,0.09,0,0
1411794000,0,61.04,61.04,54,0.34,0,0
1411797600,0,59.48,59.48,53.65,0.46,0,0
1411801200,0,59.8,59.8,53.64,0.31,0,0
1411804800,0,59.56,59.56,53.62,0.5,0,0
1411808400,0,59.25,59.25,53.52,0.7,0,0
1411812000,0,59.11,59.11,53.85,0.58,0,0
1411815600,0,59.22,59.22,54.08,0.73,0,0
1411819200,0,61.34,61.34,55.58,0.75,0,0
1411822800,0,66,66,57.06,1.78,0,1
1411826400,0,69.98,69.98,58.18,2.76,0,3
1411830000,0,73.87,73.87,58.5,2.48,0,4
1411833600,0,77.2,77.2,57.54,2.24,0,6
1411837200,0,79.17,79.17,56.29,2.21,0,6
1411840800,0,80.58,80.58,55.08,1.74,0,5
1411844400,0,81.73,81.73,54.7,1.35,0,4
1411848000,0,81.86,81.86,54.66,1.41,0,2
1411851600,0,81.82,81.82,55.04,0.38,0,1
1411855200,0,79.73,79.73,56.59,0.07,0,0
1411858800,0,74.94,74.94,58.26,0.21,0,0
1411862400,0,71.76,71.76,58.28,0.1,0,0
1411866000,0,69.35,69.35,58.14,0.17,0,0
1411869600,0,67.25,67.25,58.16,0.18,0,0
1411873200,0,65.95,65.95,57.33,0.05,0,0
1411876800,0,64.83,64.83,57.57,0.04,0,0
1411880400,0,63.34,63.34,57.24,0.02,0,0
1411884000,0,62.25,62.25,56.99,0.12,0,0
1411887600,0,61.39,61.39,56.41,0.01,0,0
1411891200,0,60.51,60.51,56.21,0.06,0,0
1411894800,0,59.85,59.85,55.83,0.06,0,0
1411898400,0,59.11,59.11,55.26,0.03,0,0
1411902000,0,58.78,58.78,55.02,0.02,0.07,0
1411905600,0,60.82,60.82,56.96,0.08,0.09,0
1411909200,0,65.93,65.94,59.24,0.25,0.13,1
1411912800,0,71.21,71.29,60.67,0.14,0.12,3
1411916400,0,75.71,75.86,61.43,0.28,0.02,4
1411920000,0,77.55,77.67,60.89,0.56,0.13,5
1411923600,0,80.05,80.95,60.31,1.32,0.03,6
1411927200,0,81.65,82.04,59.69,1.98,0.06,5
1411930800,0,82.44,82.69,59.77,1.93,0.02,4
1411934400,0,82.18,82.59,60.23,2.54,0.25,2
1411938000,0,80.68,81.48,60.52,2.44,0.01,1
1411941600,0,77.69,77.83,61.21,2.01,0.21,0
1411945200,0,74.37,74.51,61.32,1.59,0.33,0
1411948800,0,72.33,72.46,61.19,1.31,0.32,0
1411952400,0,70.88,71.04,61.32,1.96,0.23,0
1411956000,0,69.85,70.02,61.29,1.51,0.38,0
1411959600,0,68.7,68.85,60.86,1.7,0.34,0
1411963200,0,67.83,67.97,60.64,1.47,0.2,0
1411966800,0,67.08,67.2,60.33,1.37,0.3,0
1411970400,0,66.07,66.17,59.94,1,0.32,0
1411974000,0,65.36,65.44,59.66,0.89,0.33,0
1411977600,0,64.94,65.02,59.54,0.44,0.36,0
1411981200,0,64.41,64.49,59.36,0.25,0.48,0
1411984800,0,63.9,63.97,59.16,0.17,0.35,0
1411988400,0,63.68,63.75,59.12,0.14,0.37,0
1411992000,0,64.13,64.24,59.57,0.24,0.33,0
1411995600,0,65.75,65.97,60.74,0.14,0.42,1
1411999200,0,70.11,70.25,61.05,0.19,0.47,2
1412002800,0,72.59,72.7,61.02,0.08,0.4,4
1412006400,0,74.76,74.87,61.01,0.16,0.39,5
1412010000,0,75.98,76.06,60.69,0.99,0.41,5
1412013600,0,76.9,76.93,60.11,1.11,0.48,4
1412017200,0,76.69,76.73,60.3,0.71,0.37,3
1412020800,0,75.44,75.53,60.8,0.43,0.57,2
1412024400,0,74.07,74.21,61.34,0.19,0.39,1
1412028000,0,72.37,72.63,62.35,0.73,0.78,0
1412031600,0,71.4,71.71,62.59,0.77,0.76,0
1412035200,0,70.5,70.79,62.32,0.58,0.78,0
1412038800,0,69.89,70.18,62.19,0.55,0.58,0
1412042400,0,69.4,69.72,62.37,0.47,0.81,0
1412046000,0,68.78,69.11,62.32,0.55,0.93,0
1412049600,0,68.11,68.45,62.23,0.61,0.91,0
1412053200,0,67.47,67.77,61.75,0.45,0.94,0
1412056800,0,67.05,67.32,61.46,0.28,0.97,0
1412060400,0,66.51,66.76,61.21,0.13,0.91,0
1412064000,0,66.17,66.43,61.18,0.04,0.96,0
1412067600,0,65.8,66.03,60.84,0.04,1,0
1412071200,0,65.23,65.41,60.29,0.07,0.97,0
1412074800,0,65,65.22,60.59,0.09,0.88,0
1412078400,0,65.33,65.55,60.63,0.21,0.93,0
1412082000,0,66.78,67.01,61.08,0.39,0.83,1
1412085600,0,67.97,68.02,60.01,1,0.87,2
1412089200,0,69.13,69.13,59.43,1.24,0.9,3
1412092800,0,68.59,68.59,59.59,2.49,1,3
1412096400,0,67.95,68.03,60.22,3.27,1,3
1412100000,0,67.16,67.3,60.53,3.64,1,3
1412103600,0,66.89,66.98,60.08,3.27,1,2
1412107200,0,66.93,67.02,60.07,3.17,1,2
1412110800,0,67.08,67.13,59.81,2.51,0.96,1
1412114400,0,66.38,66.4,59.4,1.95,0.89,0
1412118000,0,65.23,65.23,59.03,1.84,0.93,0
1412121600,0,64.62,64.63,58.92,1.72,0.96,0
1412125200,0,64.21,64.21,58.65,2.02,0.99,0
1412128800,0,63.87,63.87,58.46,2.03,0.93,0
1412132400,0,63.84,63.84,58.39,2.18,1,0
