bin_time,bin_count
0,16
1,20
2,26
3,15
4,12
5,7
6,1
7,5
8,14
9,11
10,17
11,21
12,44
13,48
14,40
15,55
16,73
17,38
18,38
19,27
20,30
21,19
22,17
23,13
24,5
25,2
26,3
27,0
28,0
29,3
30,9
31,33
32,61
33,60
34,31
35,40
36,23
37,24
38,34
39,24
40,38
41,67
42,47
43,13
44,9
45,1
46,2
47,0
48,1
49,2
50,0
51,1
52,0
53,0
54,1
55,3
56,3
57,4
58,1
59,4
60,3
61,8
62,11
63,12
64,10
65,10
66,12
67,8
68,5
69,3
70,6
71,2
72,1
73,1
74,0
75,3
76,0
77,1
78,1
79,2
80,6
81,6
82,11
83,11
84,22
85,18
86,22
87,15
88,25
89,22
90,18
91,12
92,10
93,6
94,12
95,12
96,12
97,5
98,6
99,4
100,1
101,3
102,3
103,4
104,6
105,6
106,8
107,10
108,16
109,17
110,14
111,31
112,26
113,17
114,21
115,19
116,11
117,14
118,10
119,11
120,2
121,1
122,3
123,0
124,2
125,6
126,16
127,28
128,28
129,19
130,11
131,22
132,28
133,17
134,28
135,38
136,50
137,81
138,104
139,79
140,43
141,26
142,27
143,9
144,6
145,2
146,0
147,0
148,0
149,4
150,14
151,31
152,59
153,38
154,13
155,11
156,6
157,21
158,13
159,16
160,25
161,41
162,39
163,46
164,31
165,19
166,12
167,13
168,3
169,3
170,2
171,0
172,1
173,4
174,10
175,31
176,71
177,62
178,22
179,16
180,20
181,18
182,15
183,25
184,32
185,69
186,72
187,56
188,34
189,28
190,32
191,18
192,9
193,2
194,1
195,0
196,0
197,1
198,21
199,49
200,110
201,90
202,31
203,33
204,38
205,35
206,46
207,30
208,37
209,81
210,92
211,64
212,61
213,38
214,36
215,21
216,12
217,3
218,4
219,1
220,0
221,7
222,23
223,47
224,122
225,27
226,15
227,20
228,28
229,21
230,29
231,29
232,32
233,44
234,70
235,47
236,33
237,19
238,15
239,30
240,15
241,9
242,11
243,1
244,1
245,4
246,0
247,11
248,20
249,43
250,58
251,32
252,60
253,50
254,64
255,75
256,58
257,16
258,23
259,19
260,40
261,22
262,28
263,31
264,24
265,15
266,16
267,5
268,4
269,2
270,1
271,4
272,17
273,42
274,72
275,74
276,133
277,108
278,113
279,94
280,108
281,88
282,70
283,60
284,53
285,46
286,28
287,22
288,9
289,2
290,1
291,1
292,1
293,7
294,37
295,85
296,168
297,117
298,48
299,53
300,62
301,67
302,61
303,71
304,75
305,124
306,145
307,126
308,74
309,57
310,38
311,17
312,9
313,0
314,5
315,0
316,0
317,7
318,27
319,48
320,70
321,56
322,26
323,15
324,22
325,20
326,23
327,16
328,27
329,59
330,80
331,63
332,57
333,30
334,37
335,17
336,11
337,6
338,2
339,0
340,2
341,9
342,34
343,90
344,172
345,123
346,62
347,43
348,46
349,45
350,48
351,60
352,73
353,113
354,138
355,116
356,60
357,55
358,41
359,25
360,8
361,5
362,6
363,2
364,1
365,11
366,38
367,81
368,172
369,127
370,59
371,59
372,43
373,41
374,41
375,43
376,58
377,132
378,113
379,97
380,55
381,44
382,36
383,24
384,12
385,13
386,3
387,3
388,2
389,10
390,40
391,53
392,169
393,146
394,59
395,44
396,65
397,67
398,54
399,70
400,91
401,100
402,113
403,77
404,57
405,39
406,44
407,33
408,25
409,16
410,13
411,7
412,1
413,1
414,8
415,18
416,26
417,23
418,30
419,48
420,68
421,63
422,76
423,69
424,75
425,82
426,52
427,43
428,44
429,30
430,20
431,19
432,14
433,13
434,10
435,3
436,2
437,3
438,3
439,9
440,20
441,28
442,55
443,62
444,63
445,86
446,84
447,84
448,63
449,54
450,39
451,31
452,24
453,20
454,26
455,8
456,15
457,10
458,3
459,2
460,0
461,1
462,11
463,30
464,64
465,69
466,48
467,68
468,62
469,64
470,78
471,81
472,79
473,72
474,102
475,62
476,41
477,22
478,30
479,22
480,5
481,1
482,2
483,0
484,2
485,8
486,21
487,68
488,73
489,37
490,11
491,8
492,5
493,6
494,2
495,6
496,9
497,4
498,11
499,9
500,7
501,8
502,4
503,3
504,1
505,0
506,1
507,2
508,0
509,0
510,4
511,4
512,13
513,10
514,7
515,6
516,12
517,15
518,14
519,6
520,10
521,11
522,19
523,13
524,13
525,5
526,7
527,6
528,1
529,2
530,0
531,1
532,0
533,2
534,7
535,15
536,30
537,22
538,20
539,8
540,22
541,18
542,21
543,16
544,24
545,36
546,50
547,37
548,36
549,19
550,16
551,6
552,4
553,0
554,0
555,0
556,1
557,5
558,9
559,28
560,47
561,36
562,18
563,9
564,15
565,17
566,20
567,24
568,23
569,38
570,35
571,33
572,19
573,11
574,14
575,20
576,7
577,4
578,3
579,2
580,1
581,2
582,3
583,3
584,22
585,24
586,20
587,40
588,64
589,41
590,26
591,22
592,14
593,21
594,12
595,8
596,8
597,9
598,6
599,8
600,12
601,3
602,5
603,3
604,3
605,1
606,2
607,5
608,10
609,19
610,22
611,25
612,31
613,40
614,41
615,33
616,35
617,28
618,39
619,16
620,19
621,15
622,8
623,3
624,5
625,1
626,3
627,0
628,0
629,5
630,23
631,49
632,105
633,87
634,37
635,30
636,30
637,34
638,38
639,33
640,37
641,67
642,76
643,70
644,41
645,25
646,28
647,19
648,7
649,3
650,0
651,1
652,0
653,6
654,16
655,36
656,87
657,57
658,19
659,26
660,27
661,14
662,24
663,30
664,30
665,40
666,51
667,50
668,39
669,27
670,21
671,7
672,4
673,3
674,0
675,0
676,0
677,3
678,16
679,39
680,66
681,45
682,16
683,20
684,30
685,28
686,38
687,25
688,40
689,53
690,65
691,55
692,50
693,37
694,20
695,14
696,1
697,5
698,1
699,1
700,2
701,6
702,20
703,50
704,96
705,75
706,30
707,36
708,39
709,29
710,28
711,27
712,37
713,52
714,73
715,64
716,39
717,29
718,30
719,15
720,12
721,7
722,2
723,4
724,2
725,4
726,23
727,57
728,110
729,88
730,41
731,39
732,27
733,36
734,34
735,51
736,63
737,79
738,99
739,75
740,40
741,24
742,24
743,23
744,15
745,10
746,9
747,5
748,2
749,1
750,6
751,14
752,19
753,53
754,73
755,82
756,86
757,91
758,95
759,76
760,83
761,70
762,64
763,64
764,46
765,24
766,30
767,28
768,30
769,23
770,13
771,1
772,7
773,1
774,3
775,11
776,34
777,48
778,68
779,70
780,96
781,113
782,144
783,125
784,101
785,147
786,78
787,34
788,26
789,24
790,65
791,29
792,21
793,6
794,0
795,0
796,0
797,8
798,7
799,8
800,7
801,11
802,4
803,3
804,3
805,2
806,6
807,2
808,4
809,5
810,13
811,22
812,14
813,9
814,8
815,4
816,1
817,0
818,0
819,0
820,0
821,0
822,12
823,25
824,44
825,32
826,17
827,9
828,23
829,19
830,30
831,28
832,28
833,40
834,42
835,44
836,40
837,34
838,18
839,10
840,5
841,0
842,0
843,0
844,0
845,2
846,4
847,1
848,7
849,14
850,8
851,6
852,4
853,12
854,8
855,9
856,14
857,16
858,23
859,23
860,22
861,16
862,10
863,5
864,10
865,5
866,0
867,0
868,0
869,2
870,9
871,35
872,44
873,42
874,24
875,18
876,18
877,28
878,31
879,18
880,27
881,37
882,40
883,47
884,36
885,22
886,20
887,8
888,7
889,3
890,3
891,0
892,1
893,3
894,17
895,28
896,65
897,45
898,13
899,23
900,19
901,27
902,32
903,30
904,26
905,41
906,55
907,35
908,31
909,17
910,10
911,10
912,19
913,9
914,4
915,6
916,2
917,2
918,2
919,8
920,13
921,27
922,35
923,52
924,44
925,28
926,40
927,42
928,35
929,35
930,28
931,38
932,18
933,13
934,17
935,11
936,12
937,8
938,9
939,1
940,2
941,2
942,2
943,7
944,14
945,30
946,38
947,30
948,42
949,32
950,37
951,40
952,36
953,47
954,18
955,8
956,9
957,5
958,4
959,2
960,1
961,2
962,0
963,0
964,1
965,3
966,7
967,16
968,49
969,32
970,7
971,10
972,11
973,21
974,18
975,16
976,28
977,40
978,47
979,35
980,37
981,19
982,15
983,7
984,2
985,3
986,2
987,0
988,1
989,3
990,6
991,37
992,61
993,49
994,16
995,20
996,25
997,18
998,22
999,21
1000,33
1001,44
1002,43
1003,41
1004,35
1005,14
1006,17
1007,9
1008,4
1009,1
1010,1
1011,0
1012,0
1013,5
1014,13
1015,30
1016,56
1017,51
1018,18
1019,20
1020,15
1021,28
1022,19
1023,11
1024,20
1025,38
1026,50
1027,44
1028,26
1029,32
1030,26
1031,9
1032,1
1033,0
1034,0
1035,0
1036,2
1037,0
1038,1
1039,2
1040,2
1041,1
1042,3
1043,1
1044,0
1045,3
1046,3
1047,3
1048,5
1049,4
1050,12
1051,12
1052,8
1053,2
1054,5
1055,5
1056,0
1057,1
1058,0
1059,0
1060,0
1061,0
1062,1
1063,3
1064,10
1065,13
1066,6
1067,4
1068,14
1069,12
1070,10
1071,23
1072,17
1073,30
1074,19
1075,22
1076,9
1077,15
1078,5
1079,4
1080,3
1081,1
1082,3
1083,3
1084,2
1085,1
1086,1
1087,5
1088,16
1089,14
1090,17
1091,10
1092,21
1093,12
1094,9
1095,15
1096,5
1097,4
1098,2
1099,7
1100,2
1101,3
1102,4
1103,1
1104,3
1105,2
1106,1
1107,2
1108,2
1109,0
1110,1
1111,4
1112,1
1113,9
1114,10
1115,14
1116,15
1117,18
1118,21
1119,13
1120,22
1121,18
1122,11
1123,15
1124,10
1125,6
1126,4
1127,4
1128,2
1129,1
1130,1
1131,1
1132,0
1133,1
1134,4
1135,8
1136,14
1137,20
1138,18
1139,17
1140,16
1141,19
1142,24
1143,29
1144,28
1145,24
1146,27
1147,15
1148,11
1149,10
1150,7
1151,5
1152,0
1153,2
1154,4
1155,0
1156,0
1157,1
1158,5
1159,5
1160,15
1161,15
1162,4
1163,7
1164,17
1165,9
1166,13
1167,14
1168,19
1169,25
1170,52
1171,27
1172,31
1173,15
1174,19
1175,15
1176,6
1177,0
1178,3
1179,0
1180,0
1181,4
1182,12
1183,38
1184,75
1185,59
1186,22
1187,11
1188,2
1189,14
1190,17
1191,24
1192,19
1193,43
1194,52
1195,44
1196,37
1197,25
1198,17
1199,12
1200,5
1201,3
1202,1
1203,0
1204,0
1205,4
1206,15
1207,40
1208,117
1209,76
1210,26
1211,29
1212,31
1213,31
1214,34
1215,26
1216,28
1217,49
1218,76
1219,54
1220,26
1221,14
1222,16
1223,21
1224,8
1225,2
1226,2
1227,0
1228,0
1229,6
1230,8
1231,25
1232,57
1233,48
1234,16
1235,13
1236,24
1237,21
1238,31
1239,24
1240,19
1241,47
1242,48
1243,49
1244,30
1245,18
1246,17
1247,17
1248,13
1249,11
1250,8
1251,6
1252,3
1253,2
1254,5
1255,12
1256,25
1257,38
1258,50
1259,67
1260,77
1261,114
1262,121
1263,136
1264,130
1265,83
1266,69
1267,58
1268,45
1269,26
1270,25
1271,19
1272,16
1273,5
1274,4
1275,9
1276,4
1277,2
1278,5
1279,9
1280,22
1281,51
1282,72
1283,91
1284,120
1285,123
1286,154
1287,175
1288,135
1289,118
1290,81
1291,45
1292,38
1293,35
1294,26
1295,12
1296,5
1297,4
1298,1
1299,0
1300,0
1301,3
1302,25
1303,51
1304,113
1305,67
1306,28
1307,38
1308,50
1309,29
1310,28
1311,32
1312,38
1313,74
1314,84
1315,60
1316,35
1317,27
1318,23
1319,13
1320,1
1321,2
1322,1
1323,0
1324,0
1325,3
1326,21
1327,70
1328,112
1329,55
1330,34
1331,19
1332,32
1333,26
1334,31
1335,34
1336,28
1337,68
1338,73
1339,54
1340,49
1341,49
1342,17
1343,19
1344,5
1345,3
1346,2
1347,2
1348,0
1349,9
1350,21
1351,42
1352,101
1353,57
1354,12
1355,17
1356,18
1357,31
1358,28
1359,24
1360,41
1361,70
1362,68
1363,51
1364,42
1365,34
1366,21
1367,15
1368,6
1369,2
1370,2
1371,0
1372,2
1373,3
1374,19
1375,56
1376,105
1377,97
1378,30
1379,36
1380,31
1381,33
1382,25
1383,35
1384,34
1385,49
1386,69
1387,52
1388,33
1389,26
1390,22
1391,8
1392,8
1393,3
1394,0
1395,0
1396,2
1397,6
1398,18
1399,30
1400,78
1401,64
1402,22
1403,25
1404,21
1405,18
1406,22
1407,27
1408,30
1409,48
1410,39
1411,38
1412,24
1413,19
1414,7
1415,5
1416,13
1417,4
1418,1
1419,3
1420,2
1421,2
1422,4
1423,8
1424,28
1425,39
1426,43
1427,82
1428,84
1429,67
1430,62
1431,82
1432,62
1433,61
1434,51
1435,41
1436,25
1437,20
1438,16
1439,9
1440,13
1441,11
1442,5
1443,2
1444,3
1445,5
1446,4
1447,10
1448,20
1449,29
1450,56
1451,57
1452,61
1453,66
1454,70
1455,57
1456,63
1457,55
1458,39
1459,37
1460,24
1461,7
1462,15
1463,13
1464,17
1465,1
1466,1
1467,0
1468,0
1469,2
1470,8
1471,28
1472,37
1473,36
1474,16
1475,14
1476,14
1477,15
1478,18
1479,17
1480,27
1481,56
1482,74
1483,50
1484,32
1485,25
1486,17
1487,17
1488,11
1489,1
1490,1
1491,0
1492,0
1493,6
1494,20
1495,50
1496,76
1497,56
1498,24
1499,18
1500,33
1501,20
1502,26
1503,22
1504,33
1505,73
1506,92
1507,62
1508,61
1509,28
1510,23
1511,17
1512,10
1513,4
1514,2
1515,0
1516,0
1517,5
1518,24
1519,55
1520,114
1521,92
1522,34
1523,35
1524,33
1525,43
1526,37
1527,35
1528,44
1529,94
1530,103
1531,75
1532,51
1533,38
1534,27
1535,10
1536,5
1537,3
1538,2
1539,1
1540,2
1541,7
1542,25
1543,53
1544,101
1545,75
1546,31
1547,28
1548,41
1549,47
1550,41
1551,31
1552,35
1553,75
1554,105
1555,72
1556,35
1557,33
1558,25
1559,18
1560,10
1561,7
1562,1
1563,0
1564,2
1565,4
1566,29
1567,52
1568,100
1569,94
1570,40
1571,27
1572,33
1573,36
1574,41
1575,35
1576,37
1577,80
1578,72
1579,55
1580,39
1581,20
1582,16
1583,19
1584,25
1585,8
1586,9
1587,3
1588,2
1589,2
1590,7
1591,15
1592,31
1593,52
1594,71
1595,98
1596,142
1597,168
1598,159
1599,157
1600,153
1601,104
1602,76
1603,69
1604,40
1605,42
1606,44
1607,32
1608,15
1609,15
1610,8
1611,5
1612,4
1613,4
1614,13
1615,13
1616,40
1617,50
1618,70
1619,81
1620,94
1621,109
1622,126
1623,115
1624,93
1625,89
1626,57
1627,45
1628,25
1629,18
1630,8
1631,5
1632,3
1633,2
1634,0
1635,1
1636,3
1637,27
1638,54
1639,117
1640,66
1641,46
1642,32
1643,48
1644,53
1645,46
1646,57
1647,51
1648,111
1649,158
1650,106
1651,87
1652,48
1653,44
1654,12
1655,11
1656,5
1657,2
1658,2
1659,1
1660,7
1661,37
1662,85
1663,179
1664,132
1665,54
1666,50
1667,62
1668,77
1669,84
1670,117
1671,105
1672,179
1673,180
1674,143
1675,86
1676,64
1677,47
1678,35
1679,18
1680,5
1681,4
1682,1
1683,1
1684,13
1685,38
1686,78
1687,197
1688,145
1689,71
1690,62
1691,46
1692,54
1693,55
1694,46
1695,42
1696,44
1697,39
1698,54
1699,32
1700,22
1701,12
1702,20
1703,5
1704,4
1705,1
1706,2
1707,2
1708,3
1709,19
1710,30
1711,87
1712,63
1713,27
1714,26
1715,30
1716,30
1717,23
1718,28
1719,32
1720,80
1721,72
1722,70
1723,50
1724,25
1725,14
1726,18
1727,10
1728,3
1729,2
1730,3
1731,4
1732,8
1733,17
1734,58
1735,117
1736,81
1737,36
1738,43
1739,33
1740,45
1741,61
1742,83
1743,66
1744,108
1745,119
1746,109
1747,45
1748,40
1749,34
1750,18
1751,24
1752,17
1753,7
1754,6
1755,2
1756,4
1757,4
1758,15
1759,40
1760,62
1761,103
1762,110
1763,146
1764,199
1765,174
1766,186
1767,199
1768,206
1769,168
1770,109
1771,39
1772,33
1773,42
1774,23
1775,19
1776,19
1777,10
1778,1
1779,2
1780,8
1781,3
1782,7
1783,23
1784,30
1785,55
1786,68
1787,87
1788,89
1789,77
1790,99
1791,75
1792,58
1793,66
1794,57
1795,28
1796,20
1797,14
1798,5
1799,3
1800,2
1801,4
1802,0
1803,3
1804,5
1805,20
1806,38
1807,87
1808,66
1809,34
1810,36
1811,28
1812,28
1813,28
1814,39
1815,46
1816,90
1817,105
1818,64
1819,61
1820,45
1821,37
1822,8
1823,8
1824,4
1825,4
1826,1
1827,1
1828,2
1829,29
1830,55
1831,147
1832,79
1833,36
1834,40
1835,56
1836,44
1837,49
1838,61
1839,64
1840,118
1841,150
1842,101
1843,64
1844,28
1845,38
1846,11
1847,6
1848,11
1849,3
1850,1
1851,1
1852,6
1853,36
1854,76
1855,159
1856,113
1857,47
1858,36
1859,48
1860,53
1861,53
1862,43
1863,29
1864,83
1865,76
1866,48
1867,42
1868,16
1869,7
1870,2
1871,6
1872,7
1873,1
1874,1
1875,4
1876,7
1877,33
1878,73
1879,139
1880,122
1881,48
1882,44
1883,51
1884,45
1885,62
1886,56
1887,74
1888,103
1889,128
1890,102
1891,54
1892,30
1893,37
1894,16
1895,15
1896,7
1897,1
1898,1
1899,1
1900,8
1901,37
1902,85
1903,157
1904,109
1905,74
1906,59
1907,49
1908,55
1909,60
1910,63
1911,76
1912,112
1913,146
1914,113
1915,45
1916,48
1917,37
1918,28
1919,24
1920,19
1921,6
1922,6
1923,2
1924,3
1925,4
1926,13
1927,37
1928,61
1929,76
1930,114
1931,94
1932,136
1933,207
1934,231
1935,215
1936,212
1937,138
1938,136
1939,64
1940,31
1941,35
1942,36
1943,40
1944,13
1945,10
1946,5
1947,6
1948,1
1949,4
1950,8
1951,21
1952,46
1953,69
1954,80
1955,100
1956,86
1957,120
1958,104
1959,86
1960,80
1961,60
1962,59
1963,26
1964,21
1965,19
1966,10
1967,5
1968,2
1969,2
1970,0
1971,1
1972,5
1973,25
1974,54
1975,94
1976,59
1977,31
1978,40
1979,22
1980,20
1981,34
1982,37
1983,37
1984,91
1985,98
1986,75
1987,46
1988,35
1989,15
1990,10
1991,5
1992,5
1993,0
1994,0
1995,2
1996,7
1997,25
1998,61
1999,120
2000,98
2001,34
2002,24
2003,37
2004,35
2005,31
2006,36
2007,62
2008,95
2009,119
2010,77
2011,63
2012,34
2013,27
2014,16
2015,7
2016,5
2017,2
2018,0
2019,1
2020,6
2021,29
2022,56
2023,103
2024,71
2025,32
2026,25
2027,39
2028,34
2029,31
2030,27
2031,50
2032,88
2033,96
2034,79
2035,46
2036,27
2037,20
2038,16
2039,10
2040,4
2041,0
2042,0
2043,1
2044,3
2045,27
2046,67
2047,106
2048,65
2049,34
2050,26
2051,52
2052,28
2053,48
2054,44
2055,53
2056,109
2057,109
2058,90
2059,50
2060,46
2061,23
2062,25
2063,18
2064,10
2065,2
2066,1
2067,2
2068,4
2069,36
2070,70
2071,169
2072,122
2073,48
2074,9
2075,30
2076,37
2077,50
2078,46
2079,58
2080,76
2081,105
2082,96
2083,69
2084,43
2085,28
2086,19
2087,38
2088,13
2089,12
2090,9
2091,8
2092,8
2093,3
2094,17
2095,41
2096,59
2097,29
2098,33
2099,38
2100,21
2101,19
2102,10
2103,7
2104,15
2105,12
2106,8
2107,9
2108,5
2109,3
2110,2
2111,1
2112,4
2113,3
2114,2
2115,1
2116,1
2117,5
2118,4
2119,12
2120,24
2121,59
2122,50
2123,79
2124,93
2125,83
2126,55
2127,50
2128,35
2129,11
2130,30
2131,18
2132,16
2133,16
2134,11
2135,2
2136,3
2137,3
2138,0
2139,1
2140,4
2141,20
2142,20
2143,56
2144,36
2145,23
2146,29
2147,27
2148,35
2149,49
2150,58
2151,54
2152,115
2153,155
2154,113
2155,84
2156,44
2157,34
2158,13
2159,12
2160,7
2161,3
2162,1
2163,1
2164,2
2165,32
2166,94
2167,217
2168,136
2169,62
2170,51
2171,53
2172,59
2173,80
2174,66
2175,79
2176,149
2177,158
2178,131
2179,88
2180,63
2181,63
2182,18
2183,5
2184,7
2185,4
2186,3
2187,1
2188,10
2189,40
2190,84
2191,197
2192,145
2193,60
2194,20
2195,31
2196,38
2197,35
2198,39
2199,57
2200,111
2201,163
2202,95
2203,82
2204,64
2205,35
2206,23
2207,8
2208,14
2209,4
2210,0
2211,1
2212,6
2213,29
2214,104
2215,213
2216,165
2217,67
2218,63
2219,72
2220,65
2221,82
2222,69
2223,108
2224,124
2225,164
2226,126
2227,76
2228,59
2229,24
2230,10
2231,10
2232,10
2233,6
2234,2
2235,1
2236,5
2237,16
2238,51
2239,133
2240,96
2241,60
2242,37
2243,30
2244,26
2245,27
2246,36
2247,39
2248,54
2249,57
2250,21
2251,14
2252,20
2253,15
2254,5
2255,10
2256,9
2257,8
2258,5
2259,1
2260,3
2261,8
2262,25
2263,52
2264,77
2265,99
2266,117
2267,161
2268,175
2269,162
2270,188
2271,164
2272,158
2273,148
2274,92
2275,52
2276,32
2277,37
2278,30
2279,27
2280,11
2281,9
2282,2
2283,1
2284,4
2285,7
2286,12
2287,33
2288,51
2289,81
2290,142
2291,166
2292,227
2293,220
2294,244
2295,252
2296,218
2297,186
2298,97
2299,70
2300,38
2301,40
2302,15
2303,15
2304,6
2305,8
2306,5
2307,2
2308,9
2309,38
2310,114
2311,194
2312,134
2313,51
2314,56
2315,45
2316,73
2317,46
2318,40
2319,52
2320,54
2321,32
2322,30
2323,8
2324,7
2325,5
2326,12
2327,6
2328,4
2329,0
2330,0
2331,0
2332,3
2333,16
2334,54
2335,101
2336,69
2337,48
2338,41
2339,45
2340,58
2341,55
2342,58
2343,69
2344,144
2345,151
2346,167
2347,94
2348,66
2349,42
2350,19
2351,13
2352,5
2353,1
2354,1
2355,0
2356,10
2357,28
2358,90
2359,231
2360,165
2361,73
2362,64
2363,60
2364,66
2365,61
2366,72
2367,99
2368,128
2369,166
2370,124
2371,77
2372,69
2373,44
2374,30
2375,18
2376,9
2377,4
2378,2
2379,2
2380,8
2381,39
2382,111
2383,236
2384,168
2385,74
2386,69
2387,74
2388,62
2389,52
2390,72
2391,81
2392,118
2393,155
2394,125
2395,97
2396,51
2397,42
2398,33
2399,23
2400,14
2401,3
2402,4
2403,1
2404,12
2405,30
2406,100
2407,232
2408,160
2409,77
2410,64
2411,52
2412,67
2413,84
2414,83
2415,95
2416,134
2417,136
2418,103
2419,75
2420,45
2421,53
2422,34
2423,17
2424,20
2425,13
2426,9
2427,3
2428,6
2429,11
2430,29
2431,55
2432,93
2433,119
2434,172
2435,265
2436,277
2437,295
2438,253
2439,240
2440,222
2441,206
2442,156
2443,93
2444,57
2445,54
2446,31
2447,31
2448,19
2449,8
2450,5
2451,9
2452,6
2453,9
2454,18
2455,35
2456,54
2457,127
2458,164
2459,243
2460,292
2461,239
2462,292
2463,289
2464,217
2465,207
2466,149
2467,104
2468,59
2469,30
2470,36
2471,8
2472,11
2473,9
2474,0
2475,1
2476,10
2477,41
2478,126
2479,220
2480,188
2481,79
2482,85
2483,78
2484,82
2485,94
2486,106
2487,107
2488,136
2489,172
2490,156
2491,109
2492,56
2493,55
2494,35
2495,22
2496,9
2497,4
2498,1
2499,1
2500,4
2501,19
2502,59
2503,145
2504,96
2505,23
2506,18
2507,10
2508,20
2509,25
2510,22
2511,56
2512,48
2513,43
2514,41
2515,20
2516,7
2517,16
2518,8
2519,2
2520,1
2521,1
2522,0
2523,0
2524,8
2525,24
2526,59
2527,99
2528,93
2529,38
2530,46
2531,34
2532,58
2533,63
2534,41
2535,75
2536,125
2537,159
2538,79
2539,72
2540,52
2541,30
2542,38
2543,8
2544,8
2545,3
2546,1
2547,3
2548,4
2549,26
2550,77
2551,156
2552,119
2553,61
2554,56
2555,56
2556,56
2557,48
2558,59
2559,83
2560,121
2561,126
2562,99
2563,68
2564,52
2565,38
2566,25
2567,14
2568,8
2569,1
2570,1
2571,1
2572,6
2573,18
2574,56
2575,121
2576,123
2577,59
2578,77
2579,87
2580,88
2581,99
2582,127
2583,119
2584,108
2585,123
2586,99
2587,45
2588,37
2589,27
2590,30
2591,21
2592,10
2593,5
2594,3
2595,2
2596,3
2597,5
2598,20
2599,39
2600,101
2601,130
2602,152
2603,230
2604,235
2605,254
2606,297
2607,267
2608,245
2609,194
2610,133
2611,90
2612,53
2613,55
2614,53
2615,56
2616,20
2617,11
2618,3
2619,3
2620,2
2621,6
2622,14
2623,23
2624,53
2625,96
2626,123
2627,171
2628,179
2629,198
2630,256
2631,241
2632,191
2633,148
2634,87
2635,51
2636,39
2637,25
2638,21
2639,13
2640,9
2641,3
2642,3
2643,0
2644,6
2645,38
2646,80
2647,177
2648,129
2649,67
2650,85
2651,90
2652,97
2653,94
2654,84
2655,104
2656,154
2657,177
2658,137
2659,96
2660,55
2661,32
2662,24
2663,11
2664,10
2665,1
2666,0
2667,0
2668,12
2669,51
2670,119
2671,250
2672,173
2673,71
2674,83
2675,78
2676,73
2677,85
2678,90
2679,76
2680,91
2681,176
2682,121
2683,71
2684,80
2685,44
2686,35
2687,23
2688,8
2689,8
2690,0
2691,1
2692,10
2693,44
2694,114
2695,259
2696,165
2697,75
2698,54
2699,58
2700,73
2701,75
2702,66
2703,83
2704,144
2705,142
2706,110
2707,84
2708,65
2709,56
2710,23
2711,13
2712,5
2713,2
2714,1
2715,2
2716,10
2717,47
2718,104
2719,202
2720,132
2721,66
2722,85
2723,70
2724,76
2725,96
2726,106
2727,94
2728,139
2729,179
2730,131
2731,80
2732,59
2733,55
2734,51
2735,20
2736,9
2737,6
2738,2
2739,3
2740,13
2741,38
2742,115
2743,222
2744,192
2745,71
2746,80
2747,96
2748,83
2749,96
2750,113
2751,123
2752,153
2753,164
2754,126
2755,71
2756,47
2757,35
2758,29
2759,15
2760,13
2761,4
2762,4
2763,0
2764,2
2765,6
2766,19
2767,50
2768,71
2769,116
2770,162
2771,181
2772,230
2773,244
2774,241
2775,143
2776,75
2777,61
2778,53
2779,49
2780,32
2781,38
2782,38
2783,27
2784,25
2785,9
2786,11
2787,5
2788,3
2789,12
2790,17
2791,50
2792,65
2793,84
2794,188
2795,164
2796,241
2797,237
2798,228
2799,226
2800,186
2801,208
2802,118
2803,80
2804,60
2805,49
2806,37
2807,17
2808,9
2809,4
2810,1
2811,2
2812,8
2813,50
2814,103
2815,216
2816,144
2817,65
2818,66
2819,70
2820,73
2821,90
2822,103
2823,119
2824,125
2825,158
2826,138
2827,93
2828,54
2829,59
2830,37
2831,14
2832,8
2833,2
2834,2
2835,1
2836,6
2837,39
2838,111
2839,196
2840,145
2841,65
2842,39
2843,40
2844,59
2845,44
2846,24
2847,35
2848,63
2849,57
2850,90
2851,46
2852,38
2853,14
2854,13
2855,9
2856,1
2857,0
2858,0
2859,0
2860,6
2861,12
2862,24
2863,40
2864,37
2865,8
2866,7
2867,8
2868,4
2869,9
2870,9
2871,7
2872,6
2873,17
2874,9
2875,7
2876,6
2877,2
2878,3
2879,0
2880,2
2881,1
2882,0
2883,1
2884,3
2885,18
2886,69
2887,132
2888,97
2889,47
2890,44
2891,72
2892,85
2893,90
2894,92
2895,95
2896,159
2897,206
2898,177
2899,93
2900,74
2901,36
2902,37
2903,32
2904,10
2905,5
2906,1
2907,7
2908,12
2909,33
2910,120
2911,204
2912,190
2913,76
2914,90
2915,124
2916,104
2917,101
2918,116
2919,125
2920,161
2921,200
2922,140
2923,97
2924,95
2925,68
2926,66
2927,26
2928,32
2929,18
2930,6
2931,2
2932,7
2933,12
2934,26
2935,75
2936,114
2937,130
2938,188
2939,235
2940,271
2941,304
2942,291
2943,261
2944,219
2945,150
2946,76
2947,43
2948,49
2949,38
2950,39
2951,44
2952,30
2953,10
2954,4
2955,5
2956,1
2957,4
2958,26
2959,35
2960,79
2961,108
2962,144
2963,183
2964,157
2965,167
2966,172
2967,214
2968,141
2969,155
2970,116
2971,76
2972,63
2973,33
2974,23
2975,10
2976,5
2977,3
2978,1
2979,1
2980,9
2981,48
2982,117
2983,236
2984,163
2985,68
2986,80
2987,121
2988,96
2989,100
2990,94
2991,85
2992,157
2993,180
2994,180
2995,105
2996,70
2997,65
2998,45
2999,8
3000,7
3001,2
3002,1
3003,4
3004,10
3005,50
3006,123
3007,254
3008,185
3009,81
3010,73
3011,97
3012,77
3013,93
3014,95
3015,96
3016,184
3017,190
3018,160
3019,96
3020,79
3021,60
3022,42
3023,19
3024,14
3025,2
3026,1
3027,3
3028,7
3029,51
3030,131
3031,301
3032,201
3033,102
3034,109
3035,97
3036,91
3037,82
3038,108
3039,103
3040,162
3041,204
3042,146
3043,113
3044,68
3045,64
3046,52
3047,15
3048,7
3049,1
3050,0
3051,0
3052,6
3053,11
3054,33
3055,52
3056,43
3057,27
3058,42
3059,49
3060,41
3061,47
3062,59
3063,80
3064,133
3065,140
3066,95
3067,69
3068,71
3069,62
3070,52
3071,35
3072,20
3073,13
3074,1
3075,0
3076,6
3077,26
3078,67
3079,130
3080,141
3081,71
3082,70
3083,63
3084,67
3085,84
3086,77
3087,87
3088,123
3089,123
3090,80
3091,54
3092,29
3093,46
3094,37
3095,35
3096,29
3097,10
3098,6
3099,6
3100,4
3101,9
3102,24
3103,33
3104,87
3105,121
3106,167
3107,228
3108,243
3109,208
3110,100
3111,193
3112,110
3113,102
3114,133
3115,81
3116,33
3117,51
3118,57
3119,17
3120,19
3121,15
3122,10
3123,1
3124,2
3125,9
3126,18
3127,36
3128,88
3129,125
3130,173
3131,226
3132,290
3133,304
3134,254
3135,276
3136,301
3137,217
3138,180
3139,134
3140,100
3141,63
3142,41
3143,21
3144,13
3145,6
3146,2
3147,2
3148,13
3149,52
3150,140
3151,254
3152,189
3153,71
3154,56
3155,86
3156,78
3157,94
3158,101
3159,111
3160,168
3161,210
3162,166
3163,101
3164,80
3165,74
3166,48
3167,23
3168,14
3169,9
3170,4
3171,6
3172,17
3173,68
3174,135
3175,293
3176,186
3177,103
3178,78
3179,77
3180,102
3181,84
3182,77
3183,107
3184,157
3185,190
3186,136
3187,92
3188,65
3189,64
3190,37
3191,16
3192,9
3193,0
3194,3
3195,2
3196,15
3197,55
3198,122
3199,276
3200,212
3201,77
3202,68
3203,88
3204,100
3205,87
3206,78
3207,90
3208,159
3209,190
3210,151
3211,115
3212,95
3213,66
3214,42
3215,25
3216,8
3217,0
3218,1
3219,1
3220,14
3221,35
3222,79
3223,210
3224,143
3225,59
3226,51
3227,44
3228,82
3229,88
3230,82
3231,106
3232,172
3233,191
3234,143
3235,117
3236,76
3237,67
3238,57
3239,17
3240,22
3241,1
3242,6
3243,2
3244,17
3245,32
3246,103
3247,223
3248,191
3249,81
3250,61
3251,59
3252,34
3253,27
3254,42
3255,38
3256,66
3257,121
3258,71
3259,12
3260,16
3261,2
3262,17
3263,21
3264,12
3265,11
3266,4
3267,3
3268,7
3269,23
3270,27
3271,68
3272,113
3273,152
3274,201
3275,238
3276,307
3277,314
3278,325
3279,273
3280,226
3281,230
3282,145
3283,114
3284,87
3285,61
3286,54
3287,53
3288,33
3289,21
3290,12
3291,2
3292,2
3293,9
3294,21
3295,47
3296,90
3297,140
3298,210
3299,258
3300,274
3301,317
3302,325
3303,288
3304,247
3305,207
3306,135
3307,133
3308,65
3309,34
3310,27
3311,12
3312,6
3313,2
3314,4
3315,2
3316,10
3317,44
3318,130
3319,235
3320,158
3321,70
3322,80
3323,100
3324,117
3325,98
3326,74
3327,115
3328,162
3329,157
3330,152
3331,113
3332,73
3333,52
3334,48
3335,23
3336,14
3337,3
3338,0
3339,0
3340,15
3341,61
3342,133
3343,298
3344,208
3345,81
3346,96
3347,121
3348,92
3349,106
3350,125
3351,141
3352,174
3353,191
3354,162
3355,136
3356,99
3357,69
3358,53
3359,29
3360,8
3361,14
3362,5
3363,1
3364,14
3365,49
3366,149
3367,304
3368,199
3369,91
3370,63
3371,115
3372,89
3373,89
3374,98
3375,104
3376,197
3377,187
3378,186
3379,129
3380,109
3381,69
3382,27
3383,24
3384,19
3385,3
3386,0
3387,1
3388,4
3389,21
3390,111
3391,184
3392,180
3393,84
3394,62
3395,79
3396,76
3397,82
3398,98
3399,92
3400,144
3401,78
3402,100
3403,81
3404,78
3405,69
3406,28
3407,23
3408,8
3409,4
3410,5
3411,3
3412,12
3413,41
3414,106
3415,248
3416,166
3417,73
3418,95
3419,94
3420,97
3421,103
3422,116
3423,148
3424,120
3425,160
3426,78
3427,13
3428,13
3429,11
3430,3
3431,3
3432,10
3433,1
3434,3
3435,2
3436,4
3437,16
3438,14
3439,40
3440,73
3441,92
3442,161
3443,167
3444,207
3445,196
3446,231
3447,183
3448,22
3449,52
3450,81
3451,64
3452,33
3453,54
3454,51
3455,29
3456,26
3457,12
3458,11
3459,3
3460,5
3461,5
3462,22
3463,50
3464,85
3465,167
3466,183
3467,226
3468,257
3469,282
3470,295
3471,300
3472,265
3473,202
3474,223
3475,126
3476,127
3477,110
3478,52
3479,67
3480,24
3481,14
3482,4
3483,5
3484,3
3485,11
3486,26
3487,49
3488,84
3489,126
3490,207
3491,219
3492,239
3493,223
3494,238
3495,241
3496,202
3497,250
3498,198
3499,167
3500,100
3501,88
3502,61
3503,29
3504,20
3505,10
3506,2
3507,0
3508,12
3509,51
3510,132
3511,233
3512,192
3513,101
3514,85
3515,82
3516,74
3517,83
3518,62
3519,107
3520,168
3521,205
3522,191
3523,121
3524,87
3525,89
3526,51
3527,25
3528,4
3529,4
3530,4
3531,0
3532,18
3533,44
3534,119
3535,260
3536,180
3537,92
3538,69
3539,75
3540,73
3541,92
3542,69
3543,93
3544,133
3545,160
3546,139
3547,86
3548,63
3549,72
3550,38
3551,17
3552,6
3553,3
3554,2
3555,2
3556,11
3557,46
3558,132
3559,309
3560,230
3561,110
3562,87
3563,102
3564,105
3565,96
3566,116
3567,118
3568,161
3569,199
3570,136
3571,85
3572,87
3573,48
3574,46
3575,29
3576,19
3577,6
3578,4
3579,0
3580,10
3581,50
3582,117
3583,266
3584,219
3585,99
3586,91
3587,87
3588,95
3589,88
3590,142
3591,137
3592,210
3593,184
3594,155
3595,73
3596,61
3597,51
3598,61
3599,43
3600,22
3601,18
3602,10
3603,7
3604,2
3605,9
3606,28
3607,76
3608,132
3609,152
3610,174
3611,225
3612,282
3613,280
3614,169
3615,228
3616,267
3617,196
3618,199
3619,150
3620,84
3621,80
3622,66
3623,53
3624,25
3625,12
3626,6
3627,2
3628,7
3629,12
3630,21
3631,42
3632,84
3633,125
3634,221
3635,276
3636,267
3637,311
3638,321
3639,332
3640,305
3641,256
3642,213
3643,168
3644,90
3645,65
3646,34
3647,12
3648,8
3649,2
3650,1
3651,0
3652,18
3653,45
3654,122
3655,264
3656,234
3657,88
3658,77
3659,85
3660,104
3661,97
3662,117
3663,103
3664,186
3665,222
3666,220
3667,158
3668,98
3669,62
3670,50
3671,16
3672,5
3673,7
3674,3
3675,1
3676,17
3677,68
3678,156
3679,319
3680,232
3681,98
3682,88
3683,104
3684,90
3685,62
3686,83
3687,89
3688,115
3689,51
3690,89
3691,79
3692,73
3693,62
3694,44
3695,21
3696,11
3697,6
3698,1
3699,4
3700,22
3701,55
3702,139
3703,291
3704,218
3705,109
3706,95
3707,122
3708,94
3709,100
3710,103
3711,123
3712,170
3713,203
3714,184
3715,140
3716,116
3717,76
3718,50
3719,25
3720,5
3721,2
3722,1
3723,2
3724,4
3725,17
3726,25
3727,30
3728,22
3729,22
3730,25
3731,60
3732,78
3733,88
3734,108
3735,121
3736,204
3737,217
3738,191
3739,131
3740,107
3741,64
3742,63
3743,34
3744,19
3745,10
3746,3
3747,1
3748,9
3749,53
3750,115
3751,263
3752,198
3753,116
3754,124
3755,142
3756,153
3757,135
3758,148
3759,161
3760,237
3761,238
3762,157
3763,140
3764,95
3765,85
3766,73
3767,49
3768,32
3769,15
3770,10
3771,3
3772,5
3773,17
3774,37
3775,70
3776,109
3777,177
3778,219
3779,267
3780,290
3781,291
3782,284
3783,280
3784,256
3785,226
3786,196
3787,160
3788,110
3789,101
3790,78
3791,74
3792,52
3793,34
3794,21
3795,6
3796,5
3797,15
3798,27
3799,50
3800,97
3801,180
3802,185
3803,242
3804,272
3805,302
3806,242
3807,279
3808,284
3809,209
3810,189
3811,152
3812,116
3813,89
3814,41
3815,19
3816,8
3817,5
3818,2
3819,0
3820,1
3821,6
3822,7
3823,21
3824,26
3825,20
3826,37
3827,46
3828,63
3829,48
3830,73
3831,94
3832,142
3833,196
3834,137
3835,97
3836,68
3837,66
3838,31
3839,18
3840,15
3841,5
3842,0
3843,1
3844,15
3845,54
3846,125
3847,263
3848,204
3849,101
3850,88
3851,79
3852,101
3853,94
3854,90
3855,117
3856,170
3857,195
3858,184
3859,145
3860,97
3861,64
3862,41
3863,28
3864,9
3865,1
3866,5
3867,0
3868,7
3869,26
3870,80
3871,242
3872,171
3873,103
3874,92
3875,88
3876,99
3877,94
3878,70
3879,106
3880,145
3881,179
3882,180
3883,132
3884,95
3885,64
3886,48
3887,16
3888,13
3889,5
3890,1
3891,0
3892,13
3893,48
3894,99
3895,228
3896,160
3897,62
3898,62
3899,86
3900,76
3901,102
3902,112
3903,111
3904,160
3905,192
3906,152
3907,121
3908,83
3909,51
3910,40
3911,19
3912,10
3913,5
3914,0
3915,0
3916,5
3917,29
3918,69
3919,66
3920,23
3921,46
3922,51
3923,83
3924,100
3925,130
3926,99
3927,144
3928,151
3929,11
3930,24
3931,39
3932,36
3933,38
3934,38
3935,32
3936,15
3937,9
3938,6
3939,9
3940,3
3941,12
3942,33
3943,66
3944,108
3945,162
3946,195
3947,212
3948,207
3949,252
3950,224
3951,226
3952,281
3953,177
3954,130
3955,174
3956,77
3957,63
3958,70
3959,40
3960,17
3961,21
3962,7
3963,7
3964,5
3965,11
3966,26
3967,45
3968,105
3969,138
3970,200
3971,232
3972,219
3973,275
3974,246
3975,240
3976,253
3977,250
3978,180
3979,136
3980,105
3981,87
3982,58
3983,27
3984,10
3985,2
3986,1
3987,3
3988,15
3989,56
3990,130
3991,265
3992,217
3993,100
3994,71
3995,80
3996,63
3997,106
3998,128
3999,103
4000,210
4001,221
4002,160
4003,177
4004,103
4005,84
4006,56
4007,23
4008,11
4009,7
4010,1
4011,2
4012,17
4013,51
4014,142
4015,287
4016,223
4017,125
4018,82
4019,91
4020,91
4021,82
4022,97
4023,95
4024,191
4025,208
4026,197
4027,141
4028,107
4029,73
4030,50
4031,25
4032,11
4033,6
4034,8
4035,8
4036,14
4037,46
4038,137
4039,268
4040,222
4041,114
4042,88
4043,99
4044,96
4045,79
4046,74
4047,107
4048,173
4049,212
4050,170
4051,155
4052,97
4053,99
4054,59
4055,48
4056,17
4057,10
4058,3
4059,2
4060,21
4061,42
4062,128
4063,283
4064,206
4065,75
4066,68
4067,77
4068,92
4069,54
4070,57
4071,97
4072,146
4073,231
4074,198
4075,130
4076,94
4077,79
4078,65
4079,37
4080,8
4081,9
4082,4
4083,2
4084,11
4085,49
4086,105
4087,247
4088,223
4089,99
4090,110
4091,111
4092,106
4093,136
4094,133
4095,127
4096,190
4097,183
4098,155
4099,131
4100,95
4101,53
4102,67
4103,47
4104,30
4105,20
4106,6
4107,7
4108,12
4109,17
4110,35
4111,70
4112,106
4113,147
4114,217
4115,190
4116,218
4117,246
4118,248
4119,239
4120,254
4121,204
4122,192
4123,120
4124,103
4125,61
4126,78
4127,62
4128,38
4129,27
4130,11
4131,9
4132,2
4133,18
4134,20
4135,53
4136,89
4137,142
4138,180
4139,193
4140,227
4141,279
4142,269
4143,252
4144,274
4145,170
4146,121
4147,209
4148,147
4149,83
4150,46
4151,13
4152,8
4153,2
4154,2
4155,1
4156,10
4157,41
4158,122
4159,236
4160,191
4161,83
4162,76
4163,88
4164,74
4165,70
4166,104
4167,116
4168,157
4169,247
4170,229
4171,130
4172,95
4173,67
4174,45
4175,32
4176,15
4177,4
4178,2
4179,0
4180,12
4181,52
4182,149
4183,286
4184,241
4185,90
4186,74
4187,88
4188,71
4189,94
4190,69
4191,103
4192,172
4193,232
4194,198
4195,143
4196,87
4197,86
4198,63
4199,25
4200,11
4201,9
4202,6
4203,2
4204,15
4205,47
4206,149
4207,281
4208,210
4209,90
4210,75
4211,87
4212,81
4213,72
4214,65
4215,125
4216,186
4217,249
4218,187
4219,136
4220,144
4221,93
4222,67
4223,25
4224,10
4225,7
4226,3
4227,0
4228,10
4229,43
4230,132
4231,271
4232,211
4233,126
4234,130
4235,81
4236,68
4237,109
4238,103
4239,101
4240,166
4241,225
4242,173
4243,137
4244,108
4245,110
4246,43
4247,49
4248,28
4249,14
4250,6
4251,4
4252,12
4253,28
4254,109
4255,235
4256,216
4257,104
4258,125
4259,107
4260,146
4261,118
4262,129
4263,143
4264,204
4265,212
4266,198
4267,147
4268,97
4269,96
4270,78
4271,47
4272,30
4273,21
4274,12
4275,6
4276,4
4277,11
4278,31
4279,55
4280,115
4281,140
4282,226
4283,179
4284,203
4285,212
4286,229
4287,224
4288,221
4289,273
4290,130
4291,150
4292,86
4293,63
4294,74
4295,63
4296,32
4297,20
4298,21
4299,4
4300,7
4301,11
4302,33
4303,32
4304,109
4305,113
4306,190
4307,202
4308,188
4309,228
4310,262
4311,234
4312,196
4313,204
4314,211
4315,105
4316,99
4317,95
4318,65
4319,29
4320,7
4321,7
4322,3
4323,6
4324,7
4325,42
4326,131
4327,248
4328,199
4329,97
4330,79
4331,90
4332,76
4333,76
4334,90
4335,91
4336,155
4337,215
4338,197
4339,152
4340,114
4341,56
4342,63
4343,25
4344,11
4345,4
4346,5
4347,2
4348,17
4349,60
4350,125
4351,292
4352,217
4353,111
4354,109
4355,79
4356,86
4357,96
4358,130
4359,88
4360,121
4361,229
4362,233
4363,165
4364,135
4365,79
4366,58
4367,28
4368,19
4369,2
4370,8
4371,3
4372,6
4373,58
4374,133
4375,257
4376,227
4377,95
4378,62
4379,73
4380,78
4381,94
4382,86
4383,103
4384,159
4385,156
4386,45
4387,42
4388,43
4389,14
4390,16
4391,12
4392,8
4393,2
4394,5
4395,0
4396,7
4397,31
4398,91
4399,237
4400,196
4401,65
4402,89
4403,105
4404,131
4405,121
4406,132
4407,113
4408,151
4409,146
4410,93
4411,26
4412,10
4413,43
4414,42
4415,21
4416,15
4417,15
4418,2
4419,0
4420,0
4421,10
4422,14
4423,43
4424,77
4425,61
4426,120
4427,63
4428,33
4429,42
4430,39
4431,47
4432,60
4433,119
4434,121
4435,110
4436,80
4437,227
4438,100
4439,42
4440,28
4441,11
4442,7
4443,5
4444,3
4445,19
4446,31
4447,45
4448,63
4449,121
4450,155
4451,189
4452,173
4453,229
4454,245
4455,209
4456,177
4457,205
4458,246
4459,142
4460,146
4461,74
4462,56
4463,37
4464,24
4465,14
4466,8
4467,3
4468,3
4469,12
4470,14
4471,30
4472,67
4473,115
4474,147
4475,193
4476,247
4477,269
4478,224
4479,220
4480,179
4481,226
4482,164
4483,103
4484,66
4485,63
4486,38
4487,18
4488,6
4489,4
4490,3
4491,1
4492,13
4493,34
4494,131
4495,234
4496,180
4497,65
4498,62
4499,79
4500,76
4501,74
4502,71
4503,98
4504,135
4505,257
4506,166
4507,136
4508,98
4509,81
4510,47
4511,12
4512,4
4513,1
4514,1
4515,2
4516,13
4517,42
4518,141
4519,252
4520,196
4521,89
4522,60
4523,80
4524,60
4525,70
4526,87
4527,84
4528,124
4529,195
4530,182
4531,131
4532,87
4533,55
4534,56
4535,15
4536,12
4537,4
4538,0
4539,1
4540,16
4541,63
4542,154
4543,252
4544,207
4545,93
4546,83
4547,55
4548,72
4549,85
4550,85
4551,76
4552,116
4553,157
4554,180
4555,151
4556,105
4557,83
4558,58
4559,20
4560,9
4561,5
4562,2
4563,4
4564,13
4565,53
4566,138
4567,280
4568,227
4569,77
4570,62
4571,77
4572,104
4573,96
4574,99
4575,102
4576,160
4577,205
4578,189
4579,172
4580,115
4581,110
4582,73
4583,25
4584,24
4585,5
4586,4
4587,1
4588,14
4589,41
4590,131
4591,249
4592,230
4593,114
4594,98
4595,102
4596,110
4597,89
4598,107
4599,115
4600,187
4601,192
4602,167
4603,131
4604,95
4605,71
4606,58
4607,45
4608,23
4609,20
4610,18
4611,7
4612,9
4613,12
4614,37
4615,64
4616,109
4617,145
4618,155
4619,217
4620,221
4621,218
4622,252
4623,201
4624,181
4625,220
4626,191
4627,146
4628,104
4629,70
4630,84
4631,65
4632,45
4633,13
4634,14
4635,7
4636,5
4637,8
4638,26
4639,33
4640,79
4641,86
4642,131
4643,225
4644,268
4645,279
4646,179
4647,105
4648,211
4649,245
4650,169
4651,144
4652,84
4653,60
4654,29
4655,7
4656,3
4657,4
4658,6
4659,2
4660,11
4661,35
4662,107
4663,270
4664,171
4665,76
4666,66
4667,84
4668,71
4669,80
4670,114
4671,97
4672,149
4673,183
4674,127
4675,43
4676,18
4677,13
4678,10
4679,10
4680,7
4681,5
4682,2
4683,3
4684,11
4685,57
4686,113
4687,252
4688,190
4689,73
4690,80
4691,67
4692,89
4693,22
4694,25
4695,58
4696,125
4697,106
4698,17
4699,21
4700,25
4701,37
4702,22
4703,11
4704,8
4705,3
4706,3
4707,0
4708,14
4709,54
4710,116
4711,210
4712,213
4713,69
4714,65
4715,70
4716,101
4717,90
4718,94
4719,106
4720,171
4721,228
4722,202
4723,163
4724,106
4725,105
4726,65
4727,24
4728,14
4729,11
4730,2
4731,4
4732,17
4733,51
4734,134
4735,279
4736,238
4737,85
4738,68
4739,88
4740,91
4741,104
4742,108
4743,112
4744,157
4745,228
4746,191
4747,143
4748,118
4749,114
4750,59
4751,35
4752,14
4753,15
4754,9
4755,5
4756,15
4757,52
4758,132
4759,271
4760,211
4761,111
4762,100
4763,84
4764,107
4765,130
4766,126
4767,154
4768,180
4769,212
4770,187
4771,137
4772,110
4773,95
4774,71
4775,45
4776,20
4777,16
4778,7
4779,8
4780,6
4781,14
4782,33
4783,70
4784,99
4785,137
4786,153
4787,231
4788,219
4789,242
4790,279
4791,263
4792,251
4793,203
4794,167
4795,158
4796,106
4797,74
4798,73
4799,56
4800,61
4801,27
4802,19
4803,7
4804,11
4805,12
4806,18
4807,44
4808,91
4809,122
4810,185
4811,217
4812,231
4813,285
4814,267
4815,283
4816,241
4817,286
4818,213
4819,160
4820,101
4821,81
4822,65
4823,29
4824,13
4825,1
4826,1
4827,2
4828,18
4829,44
4830,111
4831,258
4832,205
4833,90
4834,87
4835,104
4836,89
4837,89
4838,86
4839,98
4840,175
4841,231
4842,235
4843,132
4844,112
4845,111
4846,47
4847,17
4848,10
4849,9
4850,5
4851,4
4852,14
4853,49
4854,136
4855,265
4856,208
4857,96
4858,97
4859,80
4860,88
4861,85
4862,74
4863,121
4864,169
4865,198
4866,202
4867,117
4868,108
4869,100
4870,54
4871,27
4872,16
4873,3
4874,1
4875,4
4876,10
4877,61
4878,129
4879,285
4880,230
4881,92
4882,71
4883,95
4884,72
4885,68
4886,75
4887,99
4888,161
4889,225
4890,188
4891,101
4892,54
4893,48
4894,24
4895,14
4896,14
4897,7
4898,1
4899,1
4900,18
4901,46
4902,132
4903,270
4904,185
4905,84
4906,81
4907,84
4908,105
4909,91
4910,106
4911,116
4912,172
4913,228
4914,182
4915,130
4916,115
4917,94
4918,70
4919,39
4920,25
4921,10
4922,0
4923,3
4924,17
4925,49
4926,152
4927,260
4928,207
4929,101
4930,87
4931,117
4932,107
4933,102
4934,127
4935,128
4936,190
4937,210
4938,172
4939,128
4940,104
4941,86
4942,57
4943,58
4944,31
4945,17
4946,20
4947,8
4948,2
4949,16
4950,36
4951,53
4952,100
4953,119
4954,123
4955,194
4956,189
4957,222
4958,268
4959,237
4960,160
4961,215
4962,203
4963,150
4964,82
4965,66
4966,79
4967,71
4968,42
4969,27
4970,6
4971,5
4972,1
4973,8
4974,13
4975,34
4976,58
4977,89
4978,164
4979,183
4980,200
4981,238
4982,228
4983,215
4984,192
4985,209
4986,185
4987,134
4988,77
4989,67
4990,30
4991,17
4992,2
4993,3
4994,0
4995,2
4996,14
4997,34
4998,105
4999,241
5000,175
5001,81
5002,72
5003,92
5004,68
5005,73
5006,90
5007,104
5008,169
5009,217
5010,193
5011,137
5012,98
5013,61
5014,41
5015,25
5016,10
5017,4
5018,3
5019,1
5020,16
5021,49
5022,140
5023,296
5024,241
5025,100
5026,100
5027,97
5028,89
5029,111
5030,105
5031,110
5032,179
5033,231
5034,194
5035,166
5036,123
5037,99
5038,43
5039,20
5040,11
5041,10
5042,2
5043,2
5044,17
5045,57
5046,143
5047,341
5048,236
5049,85
5050,99
5051,82
5052,97
5053,82
5054,96
5055,110
5056,216
5057,224
5058,193
5059,148
5060,113
5061,86
5062,53
5063,19
5064,11
5065,1
5066,1
5067,3
5068,13
5069,45
5070,146
5071,312
5072,224
5073,105
5074,82
5075,81
5076,84
5077,106
5078,81
5079,111
5080,177
5081,197
5082,187
5083,128
5084,101
5085,109
5086,71
5087,26
5088,10
5089,8
5090,2
5091,3
5092,11
5093,38
5094,123
5095,241
5096,179
5097,111
5098,111
5099,106
5100,103
5101,101
5102,106
5103,140
5104,144
5105,191
5106,145
5107,106
5108,93
5109,65
5110,51
5111,49
5112,23
5113,15
5114,5
5115,1
5116,5
5117,1
5118,8
5119,7
5120,43
5121,100
5122,148
5123,172
5124,234
5125,225
5126,225
5127,216
5128,204
5129,219
5130,176
5131,135
5132,82
5133,75
5134,54
5135,54
5136,30
5137,22
5138,7
5139,6
5140,1
5141,3
5142,7
5143,12
5144,42
5145,90
5146,140
5147,199
5148,200
5149,224
5150,218
5151,210
5152,234
5153,193
5154,170
5155,127
5156,100
5157,82
5158,26
5159,21
5160,11
5161,3
5162,0
5163,0
5164,16
5165,48
5166,137
5167,251
5168,200
5169,92
5170,78
5171,92
5172,112
5173,93
5174,106
5175,87
5176,202
5177,222
5178,206
5179,165
5180,98
5181,66
5182,38
5183,21
5184,13
5185,7
5186,2
5187,2
5188,12
5189,50
5190,135
5191,274
5192,193
5193,87
5194,95
5195,102
5196,70
5197,88
5198,98
5199,111
5200,175
5201,238
5202,202
5203,142
5204,107
5205,116
5206,56
5207,31
5208,14
5209,8
5210,6
5211,1
5212,15
5213,46
5214,122
5215,293
5216,212
5217,88
5218,73
5219,83
5220,87
5221,99
5222,83
5223,103
5224,156
5225,210
5226,203
5227,149
5228,107
5229,86
5230,73
5231,23
5232,11
5233,6
5234,0
5235,2
5236,12
5237,49
5238,143
5239,276
5240,197
5241,93
5242,88
5243,80
5244,80
5245,86
5246,98
5247,102
5248,178
5249,228
5250,213
5251,140
5252,97
5253,93
5254,56
5255,40
5256,11
5257,3
5258,4
5259,2
5260,12
5261,39
5262,134
5263,226
5264,197
5265,114
5266,97
5267,101
5268,92
5269,106
5270,143
5271,151
5272,188
5273,191
5274,143
5275,93
5276,77
5277,74
5278,73
5279,36
5280,31
5281,17
5282,9
5283,16
5284,7
5285,12
5286,34
5287,57
5288,137
5289,128
5290,178
5291,209
5292,222
5293,283
5294,257
5295,252
5296,210
5297,195
5298,177
5299,105
5300,89
5301,57
5302,75
5303,60
5304,32
5305,20
5306,19
5307,8
5308,5
5309,13
5310,23
5311,41
5312,78
5313,131
5314,161
5315,188
5316,205
5317,182
5318,218
5319,213
5320,194
5321,218
5322,167
5323,103
5324,105
5325,66
5326,37
5327,29
5328,18
5329,3
5330,2
5331,3
5332,13
5333,46
5334,111
5335,246
5336,182
5337,74
5338,81
5339,71
5340,73
5341,69
5342,78
5343,113
5344,189
5345,226
5346,191
5347,143
5348,83
5349,76
5350,63
5351,23
5352,11
5353,7
5354,2
5355,2
5356,12
5357,46
5358,136
5359,276
5360,200
5361,84
5362,73
5363,89
5364,52
5365,71
5366,52
5367,55
5368,124
5369,108
5370,59
5371,51
5372,38
5373,19
5374,13
5375,22
5376,1
5377,3
5378,3
5379,0
5380,7
5381,23
5382,47
5383,154
5384,136
5385,60
5386,70
5387,54
5388,65
5389,65
5390,81
5391,82
5392,154
5393,213
5394,159
5395,122
5396,89
5397,89
5398,61
5399,22
5400,9
5401,15
5402,4
5403,1
5404,7
5405,51
5406,129
5407,256
5408,216
5409,121
5410,90
5411,85
5412,107
5413,98
5414,94
5415,99
5416,161
5417,206
5418,139
5419,119
5420,82
5421,84
5422,63
5423,44
5424,13
5425,6
5426,2
5427,4
5428,10
5429,44
5430,87
5431,208
5432,195
5433,81
5434,90
5435,99
5436,100
5437,120
5438,130
5439,142
5440,192
5441,155
5442,128
5443,82
5444,66
5445,62
5446,52
5447,57
5448,44
5449,23
5450,11
5451,6
5452,5
5453,4
5454,47
5455,63
5456,94
5457,164
5458,150
5459,245
5460,216
5461,256
5462,266
5463,253
5464,259
5465,216
5466,191
5467,120
5468,81
5469,62
5470,73
5471,58
5472,44
5473,18
5474,13
5475,6
5476,4
5477,9
5478,22
5479,27
5480,49
5481,100
5482,154
5483,191
5484,209
5485,235
5486,257
5487,213
5488,202
5489,171
5490,185
5491,127
5492,91
5493,75
5494,47
5495,23
5496,16
5497,6
5498,2
5499,2
5500,14
5501,45
5502,122
5503,239
5504,190
5505,92
5506,96
5507,98
5508,112
5509,100
5510,94
5511,123
5512,178
5513,225
5514,207
5515,159
5516,93
5517,84
5518,44
5519,20
5520,8
5521,11
5522,1
5523,0
5524,12
5525,50
5526,113
5527,308
5528,199
5529,83
5530,106
5531,73
5532,71
5533,89
5534,86
5535,102
5536,168
5537,226
5538,191
5539,124
5540,102
5541,88
5542,50
5543,24
5544,12
5545,10
5546,1
5547,1
5548,20
5549,61
5550,117
5551,286
5552,196
5553,89
5554,101
5555,71
5556,73
5557,77
5558,118
5559,121
5560,177
5561,236
5562,222
5563,120
5564,94
5565,81
5566,64
5567,35
5568,13
5569,14
5570,2
5571,1
5572,10
5573,36
5574,110
5575,274
5576,197
5577,100
5578,83
5579,80
5580,79
5581,62
5582,88
5583,133
5584,188
5585,217
5586,190
5587,136
5588,101
5589,81
5590,12
5591,7
5592,10
5593,1
5594,2
5595,1
5596,9
5597,46
5598,100
5599,229
5600,212
5601,98
5602,92
5603,77
5604,76
5605,105
5606,132
5607,118
5608,142
5609,165
5610,147
5611,78
5612,56
5613,58
5614,66
5615,48
5616,29
5617,11
5618,14
5619,7
5620,10
5621,17
5622,24
5623,58
5624,109
5625,137
5626,193
5627,220
5628,209
5629,228
5630,227
5631,180
5632,188
5633,196
5634,178
5635,100
5636,90
5637,74
5638,82
5639,31
5640,31
5641,26
5642,15
5643,4
5644,3
5645,11
5646,11
5647,28
5648,77
5649,144
5650,174
5651,235
5652,247
5653,267
5654,305
5655,295
5656,264
5657,224
5658,186
5659,133
5660,103
5661,83
5662,74
5663,33
5664,9
5665,2
5666,3
5667,3
5668,9
5669,53
5670,118
5671,271
5672,187
5673,73
5674,72
5675,88
5676,70
5677,91
5678,103
5679,124
5680,167
5681,208
5682,217
5683,132
5684,80
5685,70
5686,50
5687,26
5688,7
5689,2
5690,7
5691,1
5692,18
5693,47
5694,119
5695,260
5696,206
5697,93
5698,74
5699,84
5700,76
5701,76
5702,119
5703,112
5704,152
5705,222
5706,190
5707,131
5708,109
5709,68
5710,35
5711,27
5712,16
5713,6
5714,1
5715,0
5716,14
5717,53
5718,141
5719,264
5720,211
5721,78
5722,77
5723,84
5724,69
5725,72
5726,89
5727,100
5728,173
5729,203
5730,186
5731,125
5732,85
5733,58
5734,54
5735,28
5736,18
5737,6
5738,0
5739,1
5740,14
5741,45
5742,117
5743,256
5744,219
5745,105
5746,93
5747,70
5748,89
5749,78
5750,113
5751,119
5752,169
5753,210
5754,175
5755,123
5756,76
5757,79
5758,50
5759,18
5760,15
5761,4
5762,5
5763,2
5764,9
5765,45
5766,102
5767,218
5768,189
5769,111
5770,93
5771,113
5772,107
5773,130
5774,142
5775,180
5776,151
5777,169
5778,114
5779,110
5780,80
5781,62
5782,34
5783,31
5784,27
5785,21
5786,5
5787,5
5788,8
5789,13
5790,22
5791,57
5792,102
5793,116
5794,133
5795,178
5796,213
5797,206
5798,227
5799,204
5800,148
5801,152
5802,134
5803,87
5804,74
5805,47
5806,58
5807,42
5808,31
5809,16
5810,15
5811,6
5812,0
5813,3
5814,11
5815,30
5816,63
5817,99
5818,149
5819,144
5820,188
5821,148
5822,159
5823,139
5824,54
5825,111
5826,92
5827,50
5828,46
5829,54
5830,42
5831,16
5832,17
5833,6
5834,12
5835,2
5836,3
5837,4
5838,21
5839,39
5840,92
5841,117
5842,134
5843,148
5844,217
5845,200
5846,202
5847,181
5848,179
5849,174
5850,133
5851,98
5852,79
5853,50
5854,29
5855,26
5856,9
5857,7
5858,0
5859,2
5860,11
5861,56
5862,115
5863,239
5864,157
5865,81
5866,75
5867,83
5868,86
5869,63
5870,93
5871,94
5872,174
5873,199
5874,209
5875,159
5876,80
5877,54
5878,44
5879,28
5880,11
5881,6
5882,0
5883,0
5884,18
5885,58
5886,146
5887,293
5888,200
5889,94
5890,72
5891,88
5892,99
5893,75
5894,74
5895,94
5896,194
5897,237
5898,229
5899,143
5900,107
5901,60
5902,50
5903,27
5904,19
5905,12
5906,3
5907,3
5908,18
5909,48
5910,141
5911,286
5912,194
5913,108
5914,83
5915,104
5916,114
5917,88
5918,98
5919,101
5920,188
5921,233
5922,195
5923,91
5924,90
5925,76
5926,66
5927,38
5928,8
5929,6
5930,2
5931,5
5932,8
5933,47
5934,135
5935,283
5936,199
5937,85
5938,103
5939,118
5940,93
5941,84
5942,95
5943,112
5944,169
5945,210
5946,150
5947,102
5948,82
5949,79
5950,61
5951,44
5952,35
5953,17
5954,9
5955,4
5956,4
5957,10
5958,25
5959,59
5960,101
5961,153
5962,169
5963,200
5964,213
5965,191
5966,164
5967,168
5968,172
5969,110
5970,113
5971,112
5972,75
5973,50
5974,17
5975,38
5976,29
5977,17
5978,15
5979,11
5980,2
5981,7
5982,19
5983,62
5984,83
5985,142
5986,180
5987,237
5988,244
5989,248
5990,175
5991,232
5992,215
5993,203
5994,191
5995,145
5996,67
5997,78
5998,38
5999,23
6000,7
6001,5
6002,1
6003,2
6004,12
6005,53
6006,127
6007,278
6008,198
6009,103
6010,71
6011,79
6012,99
6013,80
6014,80
6015,110
6016,172
6017,223
6018,178
6019,124
6020,61
6021,73
6022,59
6023,14
6024,9
6025,1
6026,2
6027,4
6028,14
6029,64
6030,161
6031,334
6032,195
6033,87
6034,84
6035,99
6036,77
6037,70
6038,47
6039,79
6040,149
6041,194
6042,167
6043,134
6044,74
6045,78
6046,43
6047,13
6048,9
6049,3
6050,2
6051,0
6052,14
6053,64
6054,181
6055,310
6056,210
6057,94
6058,111
6059,125
6060,84
6061,87
6062,84
6063,120
6064,191
6065,222
6066,176
6067,136
6068,100
6069,69
6070,60
6071,20
6072,5
6073,5
6074,3
6075,4
6076,18
6077,50
6078,158
6079,299
6080,204
6081,99
6082,88
6083,84
6084,86
6085,91
6086,100
6087,115
6088,133
6089,203
6090,163
6091,127
6092,95
6093,81
6094,69
6095,33
6096,9
6097,11
6098,1
6099,5
6100,10
6101,56
6102,132
6103,277
6104,210
6105,87
6106,105
6107,97
6108,100
6109,141
6110,138
6111,136
6112,182
6113,188
6114,158
6115,123
6116,72
6117,57
6118,46
6119,45
6120,29
6121,10
6122,6
6123,8
6124,5
6125,8
6126,32
6127,62
6128,106
6129,120
6130,154
6131,172
6132,172
6133,124
6134,35
6135,58
6136,53
6137,56
6138,23
6139,22
6140,23
6141,23
6142,30
6143,29
6144,17
6145,12
6146,6
6147,11
6148,3
6149,11
6150,12
6151,48
6152,106
6153,157
6154,176
6155,236
6156,281
6157,243
6158,298
6159,266
6160,260
6161,227
6162,133
6163,76
6164,64
6165,43
6166,27
6167,10
6168,4
6169,8
6170,2
6171,3
6172,13
6173,49
6174,145
6175,239
6176,189
6177,86
6178,90
6179,81
6180,93
6181,92
6182,113
6183,129
6184,199
6185,224
6186,178
6187,90
6188,78
6189,54
6190,29
6191,16
6192,3
6193,6
6194,0
6195,1
6196,12
6197,45
6198,93
6199,67
6200,24
6201,46
6202,18
6203,60
6204,78
6205,82
6206,61
6207,96
6208,194
6209,175
6210,170
6211,129
6212,97
6213,54
6214,33
6215,22
6216,18
6217,3
6218,4
6219,2
6220,17
6221,55
6222,140
6223,320
6224,222
6225,103
6226,100
6227,100
6228,114
6229,92
6230,111
6231,100
6232,203
6233,231
6234,186
6235,136
6236,98
6237,59
6238,49
6239,21
6240,6
6241,1
6242,3
6243,2
6244,10
6245,43
6246,155
6247,317
6248,211
6249,114
6250,108
6251,116
6252,111
6253,113
6254,101
6255,126
6256,198
6257,201
6258,171
6259,124
6260,102
6261,75
6262,51
6263,22
6264,5
6265,12
6266,2
6267,3
6268,8
6269,38
6270,130
6271,273
6272,197
6273,95
6274,109
6275,112
6276,110
6277,109
6278,108
6279,143
6280,194
6281,192
6282,130
6283,92
6284,61
6285,56
6286,57
6287,35
6288,36
6289,11
6290,7
6291,2
6292,6
6293,19
6294,31
6295,68
6296,124
6297,141
6298,224
6299,231
6300,222
6301,243
6302,333
6303,219
6304,255
6305,210
6306,167
6307,124
6308,100
6309,74
6310,64
6311,45
6312,15
6313,20
6314,11
6315,4
6316,2
6317,12
6318,18
6319,54
6320,92
6321,140
6322,146
6323,155
6324,185
6325,189
6326,244
6327,232
6328,190
6329,194
6330,114
6331,91
6332,67
6333,44
6334,36
6335,17
6336,3
6337,3
6338,1
6339,1
6340,17
6341,58
6342,126
6343,272
6344,190
6345,102
6346,103
6347,97
6348,95
6349,93
6350,112
6351,121
6352,206
6353,208
6354,141
6355,107
6356,69
6357,51
6358,33
6359,10
6360,7
6361,5
6362,0
6363,1
6364,12
6365,51
6366,132
6367,299
6368,197
6369,81
6370,78
6371,59
6372,91
6373,83
6374,64
6375,104
6376,171
6377,217
6378,179
6379,105
6380,101
6381,57
6382,60
6383,20
6384,11
6385,5
6386,0
6387,2
6388,13
6389,57
6390,164
6391,292
6392,227
6393,90
6394,95
6395,81
6396,92
6397,93
6398,89
6399,99
6400,164
6401,180
6402,137
6403,82
6404,73
6405,67
6406,48
6407,15
6408,10
6409,2
6410,2
6411,1
6412,14
6413,25
6414,24
6415,62
6416,73
6417,21
6418,24
6419,33
6420,31
6421,39
6422,44
6423,67
6424,68
6425,149
6426,131
6427,81
6428,63
6429,62
6430,37
6431,21
6432,13
6433,6
6434,1
6435,5
6436,8
6437,36
6438,120
6439,242
6440,198
6441,105
6442,96
6443,95
6444,116
6445,128
6446,134
6447,147
6448,189
6449,231
6450,158
6451,124
6452,86
6453,83
6454,62
6455,49
6456,33
6457,15
6458,14
6459,11
6460,8
6461,14
6462,22
6463,56
6464,102
6465,161
6466,180
6467,237
6468,235
6469,248
6470,304
6471,282
6472,226
6473,233
6474,189
6475,131
6476,68
6477,91
6478,40
6479,38
6480,29
6481,21
6482,5
6483,5
6484,1
6485,12
6486,18
6487,32
6488,126
6489,129
6490,217
6491,244
6492,257
6493,236
6494,298
6495,292
6496,232
6497,272
6498,158
6499,109
6500,76
6501,48
6502,42
6503,20
6504,3
6505,4
6506,4
6507,4
6508,14
6509,55
6510,115
6511,277
6512,190
6513,104
6514,94
6515,86
6516,78
6517,103
6518,84
6519,118
6520,147
6521,207
6522,162
6523,124
6524,79
6525,54
6526,37
6527,17
6528,4
6529,2
6530,2
6531,2
6532,15
6533,48
6534,160
6535,290
6536,235
6537,78
6538,82
6539,103
6540,68
6541,81
6542,92
6543,98
6544,197
6545,214
6546,152
6547,140
6548,92
6549,52
6550,33
6551,16
6552,14
6553,4
6554,2
6555,1
6556,16
6557,59
6558,119
6559,257
6560,160
6561,85
6562,51
6563,57
6564,74
6565,80
6566,72
6567,76
6568,137
6569,183
6570,156
6571,108
6572,89
6573,58
6574,33
6575,16
6576,5
6577,4
6578,2
6579,2
6580,14
6581,54
6582,136
6583,260
6584,225
6585,91
6586,87
6587,81
6588,89
6589,104
6590,108
6591,113
6592,171
6593,194
6594,137
6595,113
6596,84
6597,58
6598,58
6599,38
6600,17
6601,6
6602,2
6603,5
6604,19
6605,41
6606,119
6607,247
6608,196
6609,118
6610,83
6611,110
6612,123
6613,127
6614,154
6615,163
6616,242
6617,188
6618,131
6619,87
6620,62
6621,59
6622,57
6623,64
6624,19
6625,19
6626,9
6627,7
6628,1
6629,6
6630,8
6631,19
6632,17
6633,5
6634,17
6635,21
6636,37
6637,50
6638,95
6639,151
6640,135
6641,165
6642,99
6643,63
6644,43
6645,57
6646,41
6647,31
6648,22
6649,13
6650,12
6651,4
6652,1
6653,4
6654,18
6655,42
6656,69
6657,139
6658,157
6659,206
6660,231
6661,241
6662,171
6663,236
6664,187
6665,152
6666,86
6667,84
6668,55
6669,41
6670,25
6671,11
6672,3
6673,4
6674,4
6675,1
6676,18
6677,48
6678,106
6679,207
6680,200
6681,84
6682,78
6683,93
6684,117
6685,65
6686,115
6687,112
6688,188
6689,177
6690,126
6691,115
6692,71
6693,78
6694,38
6695,17
6696,3
6697,3
6698,0
6699,0
6700,14
6701,48
6702,148
6703,292
6704,224
6705,94
6706,69
6707,89
6708,86
6709,75
6710,99
6711,107
6712,176
6713,190
6714,175
6715,110
6716,96
6717,65
6718,33
6719,14
6720,8
6721,3
6722,3
6723,1
6724,17
6725,55
6726,132
6727,288
6728,253
6729,97
6730,93
6731,72
6732,81
6733,93
6734,93
6735,98
6736,154
6737,193
6738,170
6739,97
6740,78
6741,59
6742,38
6743,26
6744,10
6745,6
6746,1
6747,1
6748,10
6749,48
6750,125
6751,290
6752,198
6753,99
6754,82
6755,82
6756,94
6757,110
6758,87
6759,131
6760,177
6761,193
6762,134
6763,103
6764,95
6765,54
6766,32
6767,23
6768,13
6769,4
6770,2
6771,3
6772,12
6773,36
6774,120
6775,231
6776,208
6777,113
6778,82
6779,79
6780,89
6781,123
6782,117
6783,129
6784,158
6785,164
6786,130
6787,81
6788,47
6789,56
6790,39
6791,37
6792,16
6793,4
6794,4
6795,3
6796,0
6797,3
6798,8
6799,23
6800,24
6801,31
6802,53
6803,54
6804,79
6805,84
6806,120
6807,110
6808,108
6809,106
6810,82
6811,52
6812,29
6813,36
6814,25
6815,28
6816,24
6817,11
6818,6
6819,7
6820,4
6821,12
6822,10
6823,34
6824,60
6825,120
6826,176
6827,238
6828,236
6829,246
6830,250
6831,256
6832,235
6833,167
6834,153
6835,60
6836,48
6837,27
6838,49
6839,13
6840,7
6841,7
6842,2
6843,1
6844,6
6845,33
6846,82
6847,116
6848,146
6849,87
6850,87
6851,114
6852,99
6853,103
6854,103
6855,118
6856,149
6857,116
6858,61
6859,50
6860,28
6861,28
6862,24
6863,16
6864,16
6865,3
6866,3
6867,2
6868,11
6869,47
6870,116
6871,215
6872,171
6873,69
6874,67
6875,78
6876,75
6877,96
6878,100
6879,122
6880,170
6881,161
6882,158
6883,89
6884,75
6885,58
6886,37
6887,9
6888,16
6889,5
6890,1
6891,2
6892,16
6893,41
6894,116
6895,250
6896,198
6897,69
6898,75
6899,73
6900,42
6901,71
6902,79
6903,102
6904,138
6905,125
6906,127
6907,60
6908,30
6909,27
6910,13
6911,11
6912,7
6913,1
6914,0
6915,0
6916,8
6917,26
6918,70
6919,153
6920,87
6921,33
6922,42
6923,63
6924,69
6925,68
6926,100
6927,97
6928,166
6929,200
6930,120
6931,88
6932,60
6933,69
6934,57
6935,19
6936,18
6937,4
6938,2
6939,2
6940,9
6941,39
6942,123
6943,234
6944,183
6945,84
6946,90
6947,101
6948,110
6949,90
6950,87
6951,128
6952,147
6953,166
6954,109
6955,78
6956,65
6957,34
6958,38
6959,37
6960,24
6961,24
6962,7
6963,5
6964,5
6965,10
6966,34
6967,72
6968,86
6969,111
6970,140
6971,160
6972,202
6973,223
6974,223
6975,192
6976,160
6977,114
6978,90
6979,56
6980,36
6981,46
6982,21
6983,23
6984,21
6985,11
6986,8
6987,9
6988,1
6989,9
6990,15
6991,26
6992,36
6993,69
6994,92
6995,126
6996,166
6997,156
6998,133
6999,131
7000,139
7001,111
7002,59
7003,41
7004,34
7005,34
7006,17
7007,9
7008,3
7009,4
7010,0
7011,0
7012,14
7013,32
7014,89
7015,167
7016,166
7017,61
7018,62
7019,78
7020,60
7021,79
7022,81
7023,78
7024,143
7025,167
7026,140
7027,76
7028,67
7029,49
7030,30
7031,11
7032,12
7033,4
7034,1
7035,2
7036,12
7037,36
7038,122
7039,243
7040,180
7041,77
7042,76
7043,70
7044,61
7045,67
7046,71
7047,87
7048,131
7049,153
7050,124
7051,88
7052,83
7053,40
7054,35
7055,17
7056,12
7057,3
7058,0
7059,0
7060,2
7061,4
7062,26
7063,47
7064,34
7065,41
7066,31
7067,43
7068,37
7069,53
7070,57
7071,54
7072,43
7073,49
7074,17
7075,20
7076,11
7077,5
7078,5
7079,2
7080,2
7081,4
7082,5
7083,2
7084,8
7085,9
7086,33
7087,41
7088,51
7089,29
7090,21
7091,14
7092,16
7093,17
7094,26
7095,37
7096,95
7097,99
7098,91
7099,69
7100,46
7101,46
7102,33
7103,29
7104,14
7105,6
7106,3
7107,1
7108,7
7109,25
7110,94
7111,197
7112,151
7113,87
7114,81
7115,80
7116,88
7117,89
7118,105
7119,111
7120,162
7121,143
7122,107
7123,63
7124,44
7125,40
7126,28
7127,27
7128,21
7129,14
7130,9
7131,2
7132,0
7133,9
7134,14
7135,49
7136,81
7137,124
7138,162
7139,150
7140,217
7141,236
7142,248
7143,208
7144,184
7145,133
7146,97
7147,64
7148,49
7149,51
7150,40
7151,28
7152,20
7153,14
7154,13
7155,5
7156,3
7157,5
7158,16
7159,28
7160,71
7161,93
7162,135
7163,148
7164,190
7165,182
7166,174
7167,170
7168,118
7169,105
7170,82
7171,59
7172,25
7173,33
7174,23
7175,14
7176,8
7177,2
7178,2
7179,1
7180,11
7181,37
7182,98
7183,195
7184,165
7185,74
7186,65
7187,63
7188,72
7189,80
7190,64
7191,89
7192,152
7193,168
7194,133
7195,89
7196,53
7197,46
7198,22
7199,17
7200,10
7201,2
7202,2
7203,0
7204,15
7205,38
7206,125
7207,263
7208,198
7209,103
7210,82
7211,75
7212,91
7213,81
7214,82
7215,115
7216,164
7217,159
7218,141
7219,97
7220,63
7221,65
7222,38
7223,14
7224,7
7225,7
7226,0
7227,2
7228,12
7229,45
7230,126
7231,275
7232,171
7233,98
7234,69
7235,94
7236,80
7237,87
7238,86
7239,100
7240,113
7241,116
7242,97
7243,78
7244,67
7245,46
7246,37
7247,19
7248,8
7249,2
7250,4
7251,1
7252,10
7253,38
7254,107
7255,234
7256,170
7257,69
7258,62
7259,83
7260,73
7261,77
7262,80
7263,84
7264,132
7265,155
7266,130
7267,56
7268,58
7269,27
7270,33
7271,11
7272,13
7273,1
7274,3
7275,2
7276,12
7277,34
7278,112
7279,204
7280,173
7281,84
7282,79
7283,75
7284,74
7285,77
7286,98
7287,129
7288,146
7289,116
7290,75
7291,70
7292,46
7293,30
7294,18
7295,13
7296,16
7297,7
7298,11
7299,2
7300,3
7301,3
7302,5
7303,12
7304,15
7305,20
7306,26
7307,15
7308,12
7309,24
7310,43
7311,36
7312,27
7313,22
7314,43
7315,17
7316,10
7317,12
7318,8
7319,8
7320,12
7321,3
7322,5
7323,4
7324,6
7325,2
7326,10
7327,17
7328,53
7329,54
7330,94
7331,99
7332,122
7333,127
7334,161
7335,107
7336,97
7337,77
7338,64
7339,57
7340,33
7341,23
7342,19
7343,6
7344,3
7345,2
7346,2
7347,1
7348,1
7349,13
7350,31
7351,132
7352,201
7353,139
7354,55
7355,69
7356,71
7357,72
7358,62
7359,78
7360,97
7361,129
7362,184
7363,125
7364,68
7365,58
7366,44
7367,25
7368,15
7369,5
7370,1
7371,0
7372,1
7373,9
7374,45
7375,130
7376,241
7377,180
7378,73
7379,70
7380,83
7381,69
7382,83
7383,100
7384,94
7385,121
7386,124
7387,123
7388,97
7389,59
7390,68
7391,35
7392,19
7393,11
7394,2
7395,2
7396,1
7397,8
7398,54
7399,147
7400,246
7401,193
7402,76
7403,57
7404,76
7405,76
7406,73
7407,92
7408,74
7409,113
7410,123
7411,123
7412,103
7413,60
7414,56
7415,35
7416,17
7417,5
7418,4
7419,1
7420,0
7421,4
7422,13
7423,28
7424,66
7425,47
7426,15
7427,11
7428,26
7429,22
7430,37
7431,34
7432,45
7433,70
7434,85
7435,76
7436,59
7437,56
7438,40
7439,33
7440,15
7441,10
7442,4
7443,2
7444,3
7445,13
7446,38
7447,114
7448,212
7449,170
7450,85
7451,63
7452,66
7453,64
7454,55
7455,87
7456,72
7457,105
7458,91
7459,100
7460,61
7461,59
7462,47
7463,27
7464,12
7465,16
7466,6
7467,2
7468,2
7469,1
7470,7
7471,19
7472,52
7473,65
7474,93
7475,137
7476,113
7477,143
7478,127
7479,127
7480,132
7481,84
7482,86
7483,82
7484,78
7485,58
7486,18
7487,17
7488,33
7489,26
7490,17
7491,12
7492,3
7493,1
7494,9
7495,11
7496,18
7497,69
7498,96
7499,122
7500,154
7501,125
7502,148
7503,149
7504,159
7505,94
7506,72
7507,49
7508,45
7509,34
7510,26
7511,20
7512,15
7513,2
7514,4
7515,2
7516,1
7517,8
7518,36
7519,86
7520,148
7521,158
7522,76
7523,73
7524,88
7525,71
7526,91
7527,66
7528,94
7529,119
7530,157
7531,99
7532,94
7533,75
7534,43
7535,28
7536,22
7537,9
7538,3
7539,0
7540,1
7541,5
7542,37
7543,81
7544,187
7545,192
7546,91
7547,82
7548,93
7549,67
7550,104
7551,85
7552,108
7553,99
7554,126
7555,111
7556,86
7557,70
7558,50
7559,33
7560,17
7561,11
7562,3
7563,2
7564,1
7565,12
7566,45
7567,121
7568,216
7569,173
7570,82
7571,50
7572,68
7573,68
7574,70
7575,61
7576,82
7577,128
7578,144
7579,119
7580,80
7581,69
7582,56
7583,23
7584,22
7585,6
7586,5
7587,2
7588,0
7589,11
7590,30
7591,107
7592,246
7593,190
7594,86
7595,62
7596,64
7597,69
7598,59
7599,49
7600,63
7601,76
7602,91
7603,67
7604,31
7605,15
7606,10
7607,11
7608,7
7609,2
7610,2
7611,1
7612,2
7613,8
7614,37
7615,79
7616,178
7617,115
7618,62
7619,59
7620,53
7621,52
7622,81
7623,65
7624,79
7625,91
7626,106
7627,69
7628,42
7629,36
7630,24
7631,33
7632,30
7633,9
7634,7
7635,7
7636,6
7637,3
7638,4
7639,15
7640,35
7641,56
7642,58
7643,89
7644,110
7645,109
7646,93
7647,85
7648,80
7649,64
7650,58
7651,56
7652,49
7653,22
7654,24
7655,16
7656,23
7657,21
7658,12
7659,4
7660,6
7661,0
7662,4
7663,7
7664,24
7665,36
7666,66
7667,74
7668,89
7669,102
7670,83
7671,66
7672,96
7673,64
7674,47
7675,52
7676,33
7677,25
7678,21
7679,11
7680,5
7681,7
7682,0
7683,0
7684,1
7685,2
7686,17
7687,35
7688,62
7689,60
7690,24
7691,13
7692,13
7693,9
7694,11
7695,13
7696,22
7697,33
7698,75
7699,71
7700,50
7701,39
7702,33
7703,31
7704,14
7705,6
7706,2
7707,2
7708,3
7709,8
7710,28
7711,73
7712,163
7713,111
7714,59
7715,32
7716,42
7717,30
7718,51
7719,36
7720,32
7721,59
7722,83
7723,55
7724,53
7725,39
7726,16
7727,19
7728,9
7729,6
7730,2
7731,0
7732,3
7733,6
7734,24
7735,58
7736,140
7737,103
7738,46
7739,29
7740,32
7741,48
7742,44
7743,37
7744,46
7745,84
7746,104
7747,69
7748,45
7749,30
7750,33
7751,25
7752,11
7753,10
7754,1
7755,0
7756,3
7757,8
7758,23
7759,83
7760,160
7761,121
7762,52
7763,50
7764,55
7765,50
7766,65
7767,50
7768,69
7769,83
7770,88
7771,79
7772,57
7773,45
7774,35
7775,22
7776,16
7777,7
7778,0
7779,1
7780,0
7781,2
7782,27
7783,77
7784,136
7785,111
7786,56
7787,35
7788,45
7789,43
7790,55
7791,58
7792,58
7793,88
7794,88
7795,56
7796,44
7797,28
7798,23
7799,22
7800,23
7801,12
7802,4
7803,9
7804,4
7805,0
7806,7
7807,21
7808,24
7809,48
7810,54
7811,57
7812,89
7813,90
7814,74
7815,93
7816,54
7817,55
7818,58
7819,30
7820,20
7821,39
7822,27
7823,32
7824,13
7825,14
7826,13
7827,4
7828,4
7829,1
7830,6
7831,10
7832,25
7833,52
7834,57
7835,95
7836,98
7837,116
7838,109
7839,147
7840,120
7841,87
7842,78
7843,41
7844,44
7845,26
7846,42
7847,33
7848,10
7849,2
7850,1
7851,1
7852,0
7853,2
7854,14
7855,55
7856,132
7857,112
7858,40
7859,40
7860,61
7861,59
7862,67
7863,88
7864,89
7865,117
7866,134
7867,102
7868,90
7869,60
7870,26
7871,24
7872,19
7873,7
7874,1
7875,1
7876,4
7877,13
7878,40
7879,120
7880,204
7881,141
7882,67
7883,45
7884,51
7885,55
7886,62
7887,77
7888,69
7889,104
7890,127
7891,72
7892,62
7893,46
7894,39
7895,26
7896,21
7897,6
7898,3
7899,1
7900,0
7901,6
7902,24
7903,24
7904,26
7905,19
7906,14
7907,10
7908,11
7909,6
7910,11
7911,15
7912,13
7913,11
7914,24
7915,11
7916,7
7917,5
7918,4
7919,5
7920,5
7921,1
7922,1
7923,3
7924,1
7925,1
7926,7
7927,8
7928,9
7929,26
7930,23
7931,21
7932,18
7933,17
7934,12
7935,15
7936,12
7937,12
7938,11
7939,7
7940,10
7941,12
7942,8
7943,7
7944,10
7945,3
7946,1
7947,2
7948,1
7949,1
7950,6
7951,18
7952,33
7953,24
7954,33
7955,27
7956,42
7957,54
7958,43
7959,49
7960,51
7961,34
7962,32
7963,17
7964,17
7965,8
7966,20
7967,6
7968,12
7969,5
7970,5
7971,1
7972,1
7973,1
7974,5
7975,5
7976,13
7977,26
7978,42
7979,58
7980,50
7981,57
7982,42
7983,52
7984,46
7985,36
7986,35
7987,19
7988,21
7989,31
7990,22
7991,11
7992,20
7993,10
7994,6
7995,5
7996,0
7997,1
7998,6
7999,4
8000,15
8001,28
8002,56
8003,87
8004,81
8005,107
8006,101
8007,96
8008,75
8009,86
8010,50
8011,41
8012,42
8013,24
8014,21
8015,10
8016,8
8017,4
8018,1
8019,0
8020,0
8021,6
8022,43
8023,104
8024,165
8025,129
8026,60
8027,53
8028,62
8029,61
8030,58
8031,71
8032,64
8033,59
8034,48
8035,51
8036,27
8037,28
8038,20
8039,12
8040,12
8041,5
8042,0
8043,2
8044,2
8045,6
8046,36
8047,94
8048,158
8049,110
8050,55
8051,35
8052,40
8053,20
8054,25
8055,15
8056,46
8057,80
8058,63
8059,61
8060,56
8061,24
8062,16
8063,9
8064,9
8065,3
8066,2
8067,0
8068,3
8069,5
8070,26
8071,55
8072,98
8073,91
8074,34
8075,38
8076,29
8077,12
8078,22
8079,23
8080,41
8081,67
8082,84
8083,86
8084,50
8085,45
8086,46
8087,25
8088,12
8089,3
8090,5
8091,0
8092,3
8093,12
8094,33
8095,99
8096,152
8097,107
8098,53
8099,48
8100,46
8101,52
8102,49
8103,46
8104,76
8105,80
8106,99
8107,82
8108,52
8109,46
8110,45
8111,19
8112,12
8113,6
8114,2
8115,1
8116,2
8117,11
8118,34
8119,92
8120,161
8121,96
8122,47
8123,35
8124,46
8125,38
8126,42
8127,33
8128,58
8129,63
8130,41
8131,27
8132,8
8133,9
8134,5
8135,6
8136,11
8137,12
8138,7
8139,4
8140,1
8141,3
8142,5
8143,13
8144,27
8145,39
8146,60
8147,37
8148,24
8149,15
8150,10
8151,7
8152,17
8153,16
8154,12
8155,7
8156,9
8157,6
8158,5
8159,3
8160,6
8161,12
8162,7
8163,4
8164,1
8165,2
8166,4
8167,7
8168,22
8169,37
8170,58
8171,52
8172,62
8173,79
8174,94
8175,67
8176,62
8177,43
8178,53
8179,32
8180,23
8181,24
8182,22
8183,18
8184,9
8185,1
8186,1
8187,1
8188,0
8189,5
8190,38
8191,56
8192,127
8193,82
8194,30
8195,24
8196,33
8197,25
8198,30
8199,34
8200,40
8201,81
8202,96
8203,67
8204,42
8205,32
8206,24
8207,19
8208,7
8209,3
8210,3
8211,0
8212,0
8213,0
8214,3
8215,15
8216,24
8217,18
8218,4
8219,10
8220,5
8221,8
8222,2
8223,16
8224,19
8225,43
8226,55
8227,55
8228,57
8229,28
8230,33
8231,11
8232,9
8233,0
8234,1
8235,2
8236,0
8237,6
8238,29
8239,62
8240,91
8241,87
8242,51
8243,24
8244,22
8245,16
8246,26
8247,37
8248,28
8249,24
8250,36
8251,24
8252,22
8253,19
8254,20
8255,11
8256,7
8257,5
8258,0
8259,0
8260,4
8261,7
8262,25
8263,58
8264,123
8265,100
8266,38
8267,42
8268,47
8269,46
8270,33
8271,39
8272,55
8273,78
8274,76
8275,72
8276,57
8277,33
8278,27
8279,35
8280,18
8281,9
8282,1
8283,1
8284,4
8285,7
8286,34
8287,62
8288,137
8289,102
8290,46
8291,46
8292,42
8293,39
8294,49
8295,44
8296,59
8297,86
8298,82
8299,51
8300,31
8301,19
8302,23
8303,20
8304,23
8305,16
8306,4
8307,6
8308,2
8309,3
8310,9
8311,12
8312,39
8313,52
8314,65
8315,81
8316,88
8317,96
8318,79
8319,74
8320,58
8321,57
8322,46
8323,42
8324,36
8325,21
8326,30
8327,13
8328,23
8329,9
8330,9
8331,9
8332,1
8333,0
8334,3
8335,4
8336,14
8337,45
8338,55
8339,73
8340,74
8341,73
8342,87
8343,105
8344,87
8345,58
8346,47
8347,41
8348,42
8349,28
8350,25
8351,20
8352,5
8353,4
8354,2
8355,4
8356,1
8357,6
8358,28
8359,80
8360,143
8361,126
8362,43
8363,32
8364,44
8365,51
8366,50
8367,65
8368,69
8369,88
8370,100
8371,69
8372,54
8373,37
8374,24
8375,22
8376,12
8377,6
8378,1
8379,0
8380,0
8381,7
8382,25
8383,85
8384,133
8385,106
8386,51
8387,33
8388,48
8389,38
8390,36
8391,30
8392,42
8393,57
8394,46
8395,38
8396,13
8397,13
8398,13
8399,9
8400,6
8401,4
8402,2
8403,1
8404,2
8405,6
8406,27
8407,75
8408,145
8409,123
8410,52
8411,41
8412,45
8413,56
8414,33
8415,46
8416,58
8417,85
8418,90
8419,71
8420,53
8421,37
8422,30
8423,16
8424,5
8425,3
8426,6
8427,3
8428,1
8429,10
8430,30
8431,70
8432,138
8433,107
8434,51
8435,50
8436,47
8437,41
8438,45
8439,32
8440,47
8441,71
8442,82
8443,49
8444,45
8445,48
8446,20
8447,12
8448,14
8449,10
8450,2
8451,2
8452,2
8453,4
8454,20
8455,62
8456,107
8457,101
8458,45
8459,33
8460,48
8461,54
8462,42
8463,46
8464,47
8465,66
8466,65
8467,40
8468,41
8469,23
8470,21
8471,26
8472,15
8473,9
8474,7
8475,2
8476,0
8477,2
8478,6
8479,15
8480,27
8481,45
8482,55
8483,55
8484,65
8485,88
8486,80
8487,68
8488,63
8489,49
8490,42
8491,21
8492,22
8493,11
8494,17
8495,12
8496,20
8497,3
8498,4
8499,4
8500,1
8501,3
8502,4
8503,5
8504,24
8505,25
8506,51
8507,47
8508,54
8509,53
8510,58
8511,57
8512,55
8513,36
8514,34
8515,28
8516,18
8517,15
8518,11
8519,15
8520,4
8521,3
8522,1
8523,2
8524,0
8525,6
8526,21
8527,59
8528,83
8529,90
8530,42
8531,29
8532,44
8533,42
8534,53
8535,30
8536,32
8537,50
8538,53
8539,28
8540,30
8541,17
8542,11
8543,4
8544,6
8545,2
8546,2
8547,1
8548,0
8549,2
8550,11
8551,26
8552,67
8553,41
8554,19
8555,25
8556,23
8557,33
8558,34
8559,22
8560,33
8561,46
8562,47
8563,37
8564,27
8565,17
8566,8
8567,16
8568,5
8569,10
8570,1
8571,2
8572,0
8573,3
8574,5
8575,20
8576,38
8577,17
8578,8
8579,18
8580,13
8581,11
8582,14
8583,15
8584,13
8585,24
8586,8
8587,13
8588,11
8589,10
8590,7
8591,10
8592,5
8593,5
8594,5
8595,6
8596,0
8597,0
8598,0
8599,1
8600,10
8601,5
8602,15
8603,27
8604,51
8605,54
8606,53
8607,54
8608,36
8609,28
8610,22
8611,21
8612,9
8613,9
8614,3
8615,12
8616,5
8617,5
8618,0
8619,2
8620,2
8621,3
8622,6
8623,25
8624,24
8625,19
8626,34
8627,68
8628,66
8629,79
8630,53
8631,52
8632,64
8633,42
8634,29
8635,31
8636,21
8637,14
8638,17
8639,7
8640,6
8641,5
8642,2
8643,1
8644,2
8645,2
8646,5
8647,6
8648,18
8649,29
8650,25
8651,59
8652,81
8653,98
8654,93
8655,91
8656,60
8657,62
8658,52
8659,25
8660,20
8661,16
8662,14
8663,14
8664,17
8665,11
8666,5
8667,2
8668,1
8669,2
8670,7
8671,3
8672,4
8673,6
8674,19
8675,48
8676,58
8677,52
8678,45
8679,58
8680,80
8681,54
8682,47
8683,29
8684,20
8685,15
8686,15
8687,15
8688,4
8689,2
8690,2
8691,2
8692,3
8693,5
8694,12
8695,32
8696,72
8697,59
8698,46
8699,47
8700,66
8701,41
8702,59
8703,75
8704,65
8705,54
8706,66
8707,48
8708,26
8709,22
8710,17
8711,13
8712,10
8713,1
8714,1
8715,2
8716,2
8717,5
8718,9
8719,31
8720,52
8721,55
8722,36
8723,32
8724,42
8725,44
8726,24
8727,31
8728,37
8729,47
8730,62
8731,31
8732,20
8733,29
8734,15
8735,17
8736,10
8737,9
8738,4
8739,2
8740,0
8741,1
8742,11
8743,21
8744,54
8745,50
8746,32
8747,38
8748,59
8749,51
8750,60
8751,42
8752,44
8753,43
8754,30
8755,16
8756,20
8757,17
